stu_id,question_id,result,time
stu_1,0,0,22
stu_1,1,0,25
stu_1,7,0,31
stu_1,7,1,36
stu_1,4,1,38
stu_1,1,1,41
stu_1,3,1,47
stu_1,9,1,52
stu_1,0,1,54
stu_1,6,0,57
stu_1,6,1,62
stu_2,6,1,4
stu_2,4,1,6
stu_2,9,1,11
stu_2,5,1,17
stu_2,3,0,21
stu_2,2,0,26
stu_2,3,0,31
stu_2,8,0,34
stu_2,7,0,39
stu_2,1,1,42
stu_2,2,1,48
stu_2,8,0,54
stu_2,7,1,60
stu_2,8,1,62
stu_2,0,1,64
stu_2,3,1,69
stu_3,8,1,23
stu_3,7,1,27
stu_3,0,1,31
stu_3,4,1,37
stu_3,2,1,43
stu_3,9,0,49
stu_3,9,0,55
stu_3,6,0,60
stu_3,1,1,62
stu_3,6,1,64
stu_3,3,1,69
stu_3,5,1,75
stu_3,9,0,77
stu_3,9,1,83
stu_4,6,1,28
stu_4,3,1,33
stu_4,4,1,35
stu_4,9,1,39
stu_4,2,1,43
stu_4,1,1,47
stu_4,5,1,50
stu_4,7,1,54
stu_4,0,1,59
stu_4,8,0,65
stu_6,5,1,26
stu_6,2,0,29
stu_6,3,1,33
stu_6,0,1,39
stu_6,2,1,45
stu_6,7,1,48
stu_6,8,1,52
stu_6,1,1,58
stu_6,6,1,62
stu_6,9,1,65
stu_6,4,1,69
stu_7,1,1,31
stu_7,2,1,34
stu_7,9,1,37
stu_7,6,1,40
stu_7,0,1,45
stu_7,7,0,47
stu_7,3,0,52
stu_7,4,1,57
stu_7,5,1,63
stu_7,8,1,67
stu_7,3,1,69
stu_7,7,1,73
stu_8,1,1,24
stu_8,0,1,28
stu_8,8,1,33
stu_8,9,0,37
stu_8,6,1,42
stu_8,4,1,47
stu_8,5,1,53
stu_8,9,1,58
stu_8,2,1,60
stu_8,3,0,66
stu_8,3,1,69
stu_8,7,0,72
stu_8,7,1,74
stu_9,6,1,8
stu_9,1,1,10
stu_9,7,1,13
stu_9,9,1,16
stu_9,8,1,21
stu_9,0,1,27
stu_9,3,1,33
stu_9,5,1,37
stu_9,2,1,41
stu_9,4,0,43
stu_9,4,1,47
stu_11,4,1,33
stu_11,7,1,39
stu_11,9,1,44
stu_11,6,1,48
stu_11,0,1,54
stu_11,1,1,58
stu_11,8,0,60
stu_11,2,0,62
stu_11,5,1,66
stu_11,8,1,71
stu_11,2,1,77
stu_11,3,1,79
stu_12,3,1,25
stu_12,7,1,29
stu_12,6,1,31
stu_12,4,1,35
stu_12,9,1,41
stu_12,5,1,45
stu_12,2,1,50
stu_12,0,1,52
stu_12,8,0,54
stu_12,1,1,56
stu_12,8,1,59
stu_13,2,1,13
stu_13,4,1,16
stu_13,9,1,18
stu_13,7,1,22
stu_13,1,1,25
stu_13,8,1,28
stu_13,5,1,34
stu_13,3,1,36
stu_13,0,1,39
stu_13,6,1,45
stu_14,8,0,31
stu_14,9,1,33
stu_14,8,1,36
stu_14,1,1,38
stu_14,5,1,41
stu_14,3,1,47
stu_14,4,1,51
stu_14,7,1,53
stu_14,6,0,57
stu_14,6,0,59
stu_14,2,1,65
stu_14,0,1,67
stu_14,6,0,71
stu_14,6,1,77
stu_16,4,1,32
stu_16,0,1,34
stu_16,5,1,38
stu_16,6,1,43
stu_16,7,1,48
stu_16,2,1,51
stu_16,1,1,56
stu_16,9,0,60
stu_16,8,0,66
stu_16,8,0,70
stu_17,3,1,18
stu_17,0,1,22
stu_17,1,1,25
stu_17,9,0,29
stu_17,8,1,32
stu_17,2,0,34
stu_17,4,1,39
stu_17,6,0,43
stu_17,6,0,49
stu_17,5,0,52
stu_17,2,0,58
stu_17,5,1,60
stu_17,9,0,66
stu_17,6,1,69
stu_17,2,1,71
stu_17,7,1,74
stu_17,9,0,79
stu_17,9,0,81
stu_17,9,1,86
stu_18,9,1,15
stu_18,4,1,21
stu_18,0,1,26
stu_18,6,1,32
stu_18,3,1,35
stu_18,8,0,38
stu_18,1,1,42
stu_18,7,1,45
stu_18,8,1,50
stu_18,2,0,54
stu_18,2,1,60
stu_18,5,1,63
stu_19,4,1,31
stu_19,8,1,37
stu_19,9,0,41
stu_19,5,0,43
stu_19,7,1,47
stu_19,6,1,49
stu_19,0,1,51
stu_19,5,1,54
stu_19,1,1,59
stu_19,9,0,63
stu_19,2,1,66
stu_19,3,1,69
stu_19,9,0,73
stu_19,9,0,78
stu_19,9,1,80
stu_21,7,1,30
stu_21,3,1,35
stu_21,8,1,38
stu_21,1,1,40
stu_21,9,1,43
stu_21,0,1,49
stu_21,6,0,51
stu_21,2,1,57
stu_21,5,0,61
stu_21,5,0,64
stu_22,1,1,17
stu_22,3,1,22
stu_22,2,0,26
stu_22,0,1,30
stu_22,8,1,34
stu_22,6,1,36
stu_22,9,1,42
stu_22,5,1,47
stu_22,2,0,52
stu_22,2,0,54
stu_22,2,0,58
stu_22,2,1,61
stu_22,7,0,65
stu_22,4,1,70
stu_22,7,1,74
stu_23,5,0,16
stu_23,8,1,19
stu_23,2,0,25
stu_23,9,0,30
stu_23,6,1,35
stu_23,7,1,38
stu_23,9,1,44
stu_23,5,1,46
stu_23,4,1,49
stu_23,0,1,51
stu_23,1,1,54
stu_23,2,0,57
stu_23,3,0,59
stu_23,2,0,65
stu_23,2,1,71
stu_23,3,0,75
stu_23,3,1,78
stu_24,3,1,9
stu_24,9,1,12
stu_24,1,1,15
stu_24,6,1,20
stu_24,8,1,22
stu_24,0,1,24
stu_24,7,1,30
stu_24,5,1,33
stu_24,4,1,38
stu_24,2,0,44
stu_24,2,1,46
stu_26,3,0,12
stu_26,4,0,15
stu_26,5,0,21
stu_26,6,0,24
stu_26,9,0,26
stu_26,1,0,32
stu_26,8,1,36
stu_26,0,0,42
stu_26,4,1,44
stu_26,6,0,48
stu_26,1,1,50
stu_26,7,1,56
stu_26,2,1,59
stu_26,3,1,63
stu_26,9,1,68
stu_26,6,1,70
stu_26,5,1,75
stu_26,0,0,79
stu_26,0,1,83
stu_27,0,1,35
stu_27,5,1,37
stu_27,2,1,40
stu_27,8,1,46
stu_27,3,1,50
stu_27,6,0,52
stu_27,9,1,54
stu_27,1,1,59
stu_27,4,1,64
stu_27,7,0,68
stu_27,7,0,74
stu_27,7,1,77
stu_27,6,0,82
stu_27,6,0,85
stu_27,6,1,88
stu_28,6,1,29
stu_28,4,1,34
stu_28,1,1,37
stu_28,9,1,40
stu_28,5,1,42
stu_28,2,1,48
stu_28,8,0,52
stu_28,3,1,58
stu_28,7,1,64
stu_28,8,1,69
stu_28,0,1,74
stu_29,8,1,16
stu_29,1,1,20
stu_29,9,0,25
stu_29,6,1,29
stu_29,4,1,34
stu_29,0,1,37
stu_29,7,0,40
stu_29,7,0,46
stu_29,9,0,49
stu_29,9,1,55
stu_29,5,1,61
stu_29,3,0,65
stu_29,7,1,70
stu_31,7,1,25
stu_31,2,1,28
stu_31,1,1,30
stu_31,8,1,35
stu_31,4,1,37
stu_31,6,1,42
stu_31,5,1,46
stu_31,0,1,51
stu_31,3,1,55
stu_31,9,1,57
stu_32,4,1,31
stu_32,3,1,35
stu_32,0,1,40
stu_32,9,1,46
stu_32,5,0,51
stu_32,7,0,53
stu_32,5,1,57
stu_32,2,1,59
stu_32,8,1,64
stu_32,6,0,69
stu_32,6,0,72
stu_32,6,0,74
stu_32,6,0,78
stu_32,6,1,83
stu_32,1,1,89
stu_32,7,0,93
stu_33,2,1,24
stu_33,8,1,28
stu_33,6,1,30
stu_33,1,1,33
stu_33,4,1,37
stu_33,3,1,42
stu_33,9,0,44
stu_33,0,1,50
stu_33,7,1,52
stu_33,9,1,54
stu_33,5,1,56
stu_34,6,1,25
stu_34,2,0,28
stu_34,1,1,31
stu_34,8,1,33
stu_34,0,0,38
stu_34,9,0,44
stu_34,0,0,48
stu_34,5,1,50
stu_34,4,1,55
stu_34,0,1,61
stu_34,9,1,64
stu_34,7,1,69
stu_34,2,1,72
stu_34,3,1,75
stu_36,2,1,15
stu_36,5,1,17
stu_36,1,1,20
stu_36,3,1,22
stu_36,4,1,28
stu_36,7,1,31
stu_36,8,1,33
stu_36,6,1,35
stu_36,0,1,40
stu_36,9,0,46
stu_36,9,0,51
stu_36,9,0,57
stu_36,9,0,60
stu_36,9,0,65
stu_36,9,1,71
stu_37,3,1,4
stu_37,0,0,7
stu_37,1,1,10
stu_37,9,0,12
stu_37,8,1,17
stu_37,5,1,21
stu_37,6,1,25
stu_37,4,1,30
stu_37,0,1,35
stu_37,7,1,39
stu_37,2,1,41
stu_38,1,1,21
stu_38,7,1,23
stu_38,0,1,25
stu_38,3,1,27
stu_38,6,1,32
stu_38,2,0,38
stu_38,5,0,44
stu_38,9,0,47
stu_38,4,0,52
stu_38,2,0,57
stu_38,9,0,62
stu_38,5,0,68
stu_38,5,0,74
stu_38,5,0,77
stu_38,9,0,81
stu_38,9,1,84
stu_38,4,1,89
stu_39,5,1,26
stu_39,7,1,31
stu_39,0,1,33
stu_39,3,1,35
stu_39,1,1,39
stu_39,2,0,45
stu_39,2,1,50
stu_39,6,1,52
stu_39,9,1,54
stu_39,8,1,58
stu_39,4,1,60
stu_41,4,1,2
stu_41,5,1,4
stu_41,1,1,10
stu_41,3,1,12
stu_41,9,0,15
stu_41,0,1,21
stu_41,8,1,24
stu_41,2,1,26
stu_41,7,1,29
stu_41,6,0,31
stu_41,6,0,36
stu_41,9,0,39
stu_41,6,1,44
stu_41,9,0,46
stu_41,9,0,52
stu_41,9,0,54
stu_41,9,0,59
stu_41,9,0,64
stu_41,9,0,67
stu_42,4,1,31
stu_42,7,1,33
stu_42,1,1,37
stu_42,5,0,40
stu_42,9,0,46
stu_42,0,1,49
stu_42,6,1,54
stu_42,3,1,59
stu_42,9,0,65
stu_42,8,0,70
stu_42,9,0,75
stu_42,2,1,77
stu_42,9,1,80
stu_42,5,1,84
stu_42,8,1,90
stu_43,1,1,5
stu_43,0,1,10
stu_43,3,1,12
stu_43,4,1,15
stu_43,9,0,19
stu_43,2,1,25
stu_43,9,0,29
stu_43,8,0,33
stu_43,9,1,35
stu_43,8,0,39
stu_43,5,0,45
stu_44,4,1,8
stu_44,7,1,10
stu_44,8,1,12
stu_44,9,1,18
stu_44,1,1,20
stu_44,0,1,24
stu_44,3,1,29
stu_44,2,0,32
stu_44,5,0,35
stu_44,5,1,41
stu_44,2,0,44
stu_44,6,0,47
stu_44,2,1,51
stu_44,6,0,53
stu_44,6,1,55
stu_46,5,1,6
stu_46,9,1,9
stu_46,1,1,13
stu_46,3,1,19
stu_46,7,1,22
stu_46,2,0,27
stu_46,6,0,31
stu_46,4,1,35
stu_46,0,1,41
stu_46,6,0,44
stu_47,5,1,13
stu_47,9,1,15
stu_47,2,0,19
stu_47,7,1,25
stu_47,2,0,31
stu_47,4,1,35
stu_47,0,0,39
stu_47,0,1,43
stu_47,8,1,49
stu_47,2,0,55
stu_47,6,0,60
stu_47,3,0,62
stu_47,2,1,65
stu_47,1,1,67
stu_47,6,1,73
stu_47,3,1,77
stu_48,7,1,10
stu_48,0,1,15
stu_48,3,1,18
stu_48,6,1,23
stu_48,9,0,29
stu_48,4,0,32
stu_48,5,1,36
stu_48,4,1,42
stu_48,8,0,48
stu_48,8,1,54
stu_48,9,0,58
stu_49,5,0,18
stu_49,7,1,22
stu_49,6,0,24
stu_49,0,0,27
stu_49,4,1,29
stu_49,0,0,31
stu_49,9,1,36
stu_49,0,1,42
stu_49,5,0,44
stu_49,3,1,47
stu_49,1,1,53
stu_49,6,0,57
stu_49,2,1,60
stu_49,6,0,64
stu_49,5,1,68
stu_49,8,1,72
stu_49,6,1,77
stu_51,9,1,24
stu_51,3,1,30
stu_51,7,1,34
stu_51,0,1,39
stu_51,1,1,44
stu_51,5,1,46
stu_51,6,1,48
stu_51,4,1,50
stu_51,2,0,53
stu_51,2,0,59
stu_52,0,1,17
stu_52,6,1,22
stu_52,9,1,25
stu_52,7,1,30
stu_52,5,1,36
stu_52,1,1,38
stu_52,3,1,43
stu_52,8,1,49
stu_52,2,0,54
stu_52,4,1,60
stu_52,2,1,66
stu_53,7,1,22
stu_53,5,1,25
stu_53,9,1,30
stu_53,6,0,33
stu_53,4,1,36
stu_53,1,1,41
stu_53,0,1,45
stu_53,6,1,48
stu_53,3,0,50
stu_53,2,1,54
stu_53,8,1,57
stu_53,3,1,61
stu_54,2,1,7
stu_54,9,1,10
stu_54,7,1,13
stu_54,8,1,15
stu_54,0,1,17
stu_54,4,1,19
stu_54,5,1,24
stu_54,6,0,27
stu_54,3,1,29
stu_54,1,1,31
stu_54,6,1,36
stu_56,7,1,15
stu_56,9,0,18
stu_56,9,0,22
stu_56,5,1,25
stu_56,1,1,28
stu_56,9,0,33
stu_56,0,1,38
stu_56,2,1,40
stu_56,6,1,42
stu_56,3,1,48
stu_56,9,0,51
stu_56,9,0,56
stu_56,9,0,58
stu_56,9,0,63
stu_56,9,0,67
stu_56,9,0,72
stu_56,8,1,78
stu_56,4,1,82
stu_56,9,0,88
stu_56,9,0,94
stu_56,9,0,98
stu_56,9,0,104
stu_56,9,0,106
stu_56,9,0,109
stu_57,1,0,18
stu_57,6,0,22
stu_57,8,1,24
stu_57,5,1,30
stu_57,0,1,33
stu_57,7,0,38
stu_57,4,1,41
stu_57,7,1,44
stu_57,6,1,46
stu_57,3,1,52
stu_57,2,0,58
stu_57,2,0,60
stu_57,9,0,62
stu_57,1,0,65
stu_57,9,0,68
stu_57,1,1,71
stu_57,9,1,77
stu_57,2,0,80
stu_57,2,1,86
stu_58,0,1,11
stu_58,3,1,15
stu_58,1,1,17
stu_58,7,1,22
stu_58,8,1,24
stu_58,2,0,26
stu_58,6,1,31
stu_58,9,0,37
stu_58,2,1,42
stu_58,5,0,48
stu_58,9,0,54
stu_58,9,0,59
stu_58,5,0,65
stu_58,9,1,71
stu_58,4,1,77
stu_58,5,1,82
stu_59,4,1,14
stu_59,1,1,17
stu_59,8,1,23
stu_59,3,1,29
stu_59,5,0,31
stu_59,5,0,33
stu_59,9,0,35
stu_59,7,1,38
stu_59,6,0,40
stu_59,9,0,45
stu_59,5,1,47
stu_59,0,1,52
stu_59,6,1,55
stu_59,2,1,61
stu_59,9,1,66
stu_61,6,1,18
stu_61,7,1,20
stu_61,2,0,23
stu_61,4,1,28
stu_61,9,0,31
stu_61,0,1,33
stu_61,5,1,37
stu_61,1,0,43
stu_61,8,1,49
stu_61,2,0,52
stu_61,3,1,55
stu_61,9,1,58
stu_61,2,0,60
stu_61,1,1,66
stu_61,2,0,68
stu_61,2,1,71
stu_62,7,0,12
stu_62,3,0,17
stu_62,0,1,20
stu_62,2,1,23
stu_62,3,1,25
stu_62,4,0,30
stu_62,4,1,32
stu_62,6,0,37
stu_62,5,1,39
stu_62,1,1,43
stu_62,8,0,45
stu_62,6,1,47
stu_62,8,1,53
stu_62,7,1,58
stu_62,9,0,60
stu_62,9,0,66
stu_62,9,1,72
stu_63,3,1,19
stu_63,9,1,24
stu_63,0,1,27
stu_63,1,1,30
stu_63,8,1,32
stu_63,2,0,36
stu_63,7,1,38
stu_63,5,1,42
stu_63,4,0,46
stu_63,6,0,50
stu_63,4,1,53
stu_63,6,1,55
stu_63,2,1,60
stu_64,7,1,4
stu_64,9,1,8
stu_64,8,1,11
stu_64,5,1,13
stu_64,4,1,19
stu_64,1,1,25
stu_64,6,1,30
stu_64,2,0,33
stu_64,0,1,36
stu_64,2,1,38
stu_64,3,1,42
stu_66,1,1,19
stu_66,4,1,21
stu_66,8,1,27
stu_66,0,1,33
stu_66,6,0,39
stu_66,2,0,45
stu_66,6,0,50
stu_66,6,1,54
stu_66,5,1,60
stu_66,2,0,64
stu_66,9,0,66
stu_66,7,1,70
stu_66,3,1,73
stu_66,9,0,75
stu_66,9,0,80
stu_66,2,0,84
stu_66,9,0,87
stu_66,2,0,92
stu_66,2,0,98
stu_66,9,1,104
stu_66,2,1,106
stu_67,5,1,5
stu_67,7,1,7
stu_67,8,1,9
stu_67,4,1,14
stu_67,2,1,17
stu_67,0,1,22
stu_67,1,1,28
stu_67,6,1,34
stu_67,3,1,39
stu_67,9,1,42
stu_68,1,1,13
stu_68,0,1,16
stu_68,3,1,22
stu_68,6,1,27
stu_68,2,1,33
stu_68,5,0,36
stu_68,7,1,42
stu_68,9,0,44
stu_68,8,1,49
stu_68,9,0,51
stu_68,5,1,54
stu_68,4,1,58
stu_68,9,1,60
stu_69,4,1,7
stu_69,2,1,9
stu_69,8,1,14
stu_69,6,0,18
stu_69,7,1,21
stu_69,9,1,25
stu_69,1,1,28
stu_69,5,1,34
stu_69,3,1,40
stu_69,0,1,43
stu_69,6,1,45
stu_71,0,0,9
stu_71,3,0,14
stu_71,6,1,17
stu_71,2,1,20
stu_71,7,1,22
stu_71,0,1,25
stu_71,3,0,27
stu_71,8,1,33
stu_71,3,1,35
stu_71,1,1,39
stu_71,9,0,41
stu_71,4,1,44
stu_71,5,1,46
stu_71,9,1,52
stu_72,3,1,23
stu_72,1,1,26
stu_72,2,1,28
stu_72,6,1,33
stu_72,9,0,36
stu_72,5,1,42
stu_72,9,0,44
stu_72,0,0,49
stu_72,9,0,51
stu_72,8,0,56
stu_72,8,0,61
stu_72,7,0,65
stu_72,8,1,69
stu_72,0,0,72
stu_72,4,1,76
stu_72,9,0,79
stu_72,7,1,81
stu_72,0,1,85
stu_72,9,1,91
stu_73,8,1,27
stu_73,9,1,30
stu_73,6,0,34
stu_73,4,1,38
stu_73,2,1,43
stu_73,0,1,49
stu_73,6,1,52
stu_73,1,1,54
stu_73,3,1,57
stu_73,7,0,62
stu_73,7,0,64
stu_73,7,0,69
stu_73,5,1,72
stu_73,7,1,76
stu_74,1,1,9
stu_74,3,1,13
stu_74,8,0,16
stu_74,5,1,22
stu_74,6,0,24
stu_74,7,1,30
stu_74,9,1,33
stu_74,2,0,35
stu_74,8,1,37
stu_74,0,1,42
stu_74,4,0,46
stu_74,4,1,52
stu_74,6,1,57
stu_74,2,1,62
stu_76,9,1,18
stu_76,4,1,20
stu_76,6,1,24
stu_76,7,1,29
stu_76,1,1,35
stu_76,5,1,39
stu_76,8,1,44
stu_76,0,1,46
stu_76,2,1,52
stu_76,3,1,55
stu_77,1,1,21
stu_77,4,1,24
stu_77,3,1,29
stu_77,5,0,32
stu_77,5,1,35
stu_77,8,1,39
stu_77,7,1,45
stu_77,0,1,48
stu_77,2,1,50
stu_77,9,1,54
stu_77,6,0,58
stu_77,6,1,64
stu_78,1,1,13
stu_78,9,1,19
stu_78,8,0,25
stu_78,0,0,28
stu_78,7,1,34
stu_78,8,1,36
stu_78,3,1,42
stu_78,5,1,47
stu_78,6,0,51
stu_78,2,0,57
stu_78,0,0,60
stu_78,4,0,65
stu_78,0,1,69
stu_78,4,1,74
stu_78,2,1,80
stu_79,3,1,32
stu_79,9,1,37
stu_79,1,1,39
stu_79,7,1,45
stu_79,5,1,51
stu_79,8,0,57
stu_79,2,0,63
stu_79,8,1,68
stu_79,2,0,70
stu_79,4,0,72
stu_79,2,0,74
stu_79,0,0,78
stu_79,4,1,80
stu_79,2,0,86
stu_79,2,1,88
stu_79,6,1,92
stu_79,0,1,97
stu_81,9,1,9
stu_81,1,1,12
stu_81,8,1,16
stu_81,0,1,20
stu_81,4,1,26
stu_81,7,1,28
stu_81,2,1,31
stu_81,6,1,34
stu_81,5,1,40
stu_81,3,1,43
stu_82,0,0,33
stu_82,1,1,39
stu_82,5,1,45
stu_82,4,1,47
stu_82,7,1,49
stu_82,6,1,53
stu_82,9,0,59
stu_82,0,1,65
stu_82,9,0,71
stu_82,3,1,76
stu_82,2,0,81
stu_82,9,1,86
stu_82,8,1,88
stu_82,2,1,94
stu_83,8,1,13
stu_83,7,1,17
stu_83,3,1,23
stu_83,2,1,29
stu_83,5,0,33
stu_83,1,1,39
stu_83,5,0,41
stu_83,0,1,46
stu_83,6,1,50
stu_83,5,1,53
stu_83,9,0,56
stu_83,4,0,60
stu_83,9,0,64
stu_83,9,0,67
stu_83,9,1,70
stu_83,4,0,73
stu_83,4,0,78
stu_83,4,1,83
stu_84,6,1,24
stu_84,2,0,26
stu_84,2,0,32
stu_84,7,0,34
stu_84,0,1,40
stu_84,2,1,45
stu_84,5,1,49
stu_84,8,1,52
stu_84,7,1,56
stu_84,9,1,62
stu_84,4,1,66
stu_84,1,1,71
stu_84,3,0,74
stu_84,3,1,77
stu_86,7,1,32
stu_86,9,1,37
stu_86,6,1,39
stu_86,2,0,44
stu_86,3,1,50
stu_86,4,1,54
stu_86,2,1,57
stu_86,5,1,63
stu_86,0,1,65
stu_86,8,1,68
stu_86,1,1,70
stu_87,8,1,15
stu_87,2,1,21
stu_87,7,1,25
stu_87,1,1,29
stu_87,0,1,34
stu_87,4,1,40
stu_87,9,0,46
stu_87,9,1,50
stu_87,3,1,56
stu_87,6,0,62
stu_87,6,1,68
stu_87,5,0,74
stu_87,5,1,79
stu_88,6,1,30
stu_88,0,0,34
stu_88,3,0,37
stu_88,3,1,39
stu_88,1,1,41
stu_88,2,1,46
stu_88,0,1,49
stu_88,8,1,52
stu_88,9,1,57
stu_88,5,1,59
stu_88,4,1,64
stu_88,7,0,66
stu_88,7,0,70
stu_88,7,0,73
stu_88,7,1,79
stu_89,8,0,11
stu_89,4,1,16
stu_89,9,1,22
stu_89,2,0,27
stu_89,8,1,31
stu_89,6,1,33
stu_89,2,1,38
stu_89,0,1,44
stu_89,7,0,46
stu_89,3,1,52
stu_89,7,1,54
stu_89,5,1,56
stu_89,1,0,62
stu_89,1,1,64
stu_91,2,0,27
stu_91,2,0,29
stu_91,2,1,31
stu_91,6,1,37
stu_91,1,1,42
stu_91,5,1,44
stu_91,3,1,50
stu_91,9,1,52
stu_91,4,1,54
stu_91,8,1,56
stu_91,7,0,58
stu_91,7,1,61
stu_91,0,1,66
stu_92,9,1,26
stu_92,5,0,28
stu_92,0,1,33
stu_92,8,0,37
stu_92,8,0,42
stu_92,5,1,47
stu_92,8,0,50
stu_92,7,1,56
stu_92,2,1,62
stu_92,6,0,65
stu_92,8,1,71
stu_92,3,1,73
stu_92,6,1,79
stu_92,1,1,81
stu_92,4,1,83
stu_93,1,0,7
stu_93,1,0,10
stu_93,7,1,14
stu_93,5,1,18
stu_93,9,0,24
stu_93,0,1,27
stu_93,3,1,33
stu_93,1,1,35
stu_93,2,1,40
stu_93,8,0,42
stu_93,8,1,45
stu_93,9,1,49
stu_93,4,1,53
stu_93,6,1,57
stu_94,7,1,32
stu_94,8,1,37
stu_94,4,1,40
stu_94,5,1,46
stu_94,2,1,49
stu_94,9,0,55
stu_94,9,0,57
stu_94,1,1,61
stu_94,3,1,65
stu_94,9,1,71
stu_94,0,1,73
stu_94,6,1,78
stu_96,8,1,13
stu_96,3,1,19
stu_96,2,0,22
stu_96,9,1,24
stu_96,5,1,27
stu_96,6,0,32
stu_96,0,1,38
stu_96,6,1,43
stu_96,2,1,47
stu_96,1,1,53
stu_96,7,0,58
stu_96,4,0,64
stu_96,7,1,69
stu_96,4,1,75
stu_97,7,0,14
stu_97,3,1,20
stu_97,9,0,26
stu_97,4,1,32
stu_97,6,1,34
stu_97,5,0,40
stu_97,5,1,46
stu_97,0,1,52
stu_97,8,1,55
stu_97,2,0,60
stu_97,9,0,66
stu_97,2,1,70
stu_97,9,1,72
stu_97,7,1,78
stu_98,9,1,23
stu_98,3,1,26
stu_98,1,1,32
stu_98,7,0,37
stu_98,4,0,42
stu_98,2,1,48
stu_98,6,1,53
stu_98,7,0,55
stu_98,4,0,60
stu_98,5,1,63
stu_98,4,0,68
stu_98,0,1,70
stu_98,7,1,73
stu_98,8,1,75
stu_98,4,0,80
stu_98,4,1,85
stu_99,6,1,9
stu_99,7,1,11
stu_99,0,1,14
stu_99,4,1,20
stu_99,9,0,25
stu_99,5,1,27
stu_99,3,1,30
stu_99,8,1,32
stu_99,2,0,34
stu_99,1,1,37
stu_99,2,0,40
stu_99,2,1,42
stu_99,9,0,45
stu_99,9,0,47
stu_99,9,0,52
stu_99,9,0,54
stu_99,9,0,58
stu_99,9,1,64
stu_101,5,0,11
stu_101,2,1,16
stu_101,9,1,22
stu_101,8,1,25
stu_101,3,0,28
stu_101,1,1,30
stu_101,0,0,32
stu_101,7,1,38
stu_101,4,1,44
stu_101,0,1,50
stu_101,5,1,55
stu_101,3,1,60
stu_101,6,1,65
stu_102,9,1,11
stu_102,5,1,16
stu_102,4,1,20
stu_102,2,1,22
stu_102,3,1,28
stu_102,1,1,34
stu_102,6,1,38
stu_102,0,1,44
stu_102,7,0,46
stu_102,8,1,52
stu_102,7,1,57
stu_103,9,0,22
stu_103,3,0,24
stu_103,6,0,26
stu_103,0,1,30
stu_103,3,0,34
stu_103,1,1,37
stu_103,7,1,43
stu_103,2,1,45
stu_103,8,1,50
stu_103,9,0,53
stu_103,5,1,57
stu_103,6,0,60
stu_104,4,1,8
stu_104,9,1,11
stu_104,0,1,17
stu_104,2,1,23
stu_104,6,1,26
stu_104,3,0,32
stu_104,7,1,35
stu_104,3,1,37
stu_104,5,1,41
stu_104,1,1,43
stu_104,8,1,48
stu_106,3,1,32
stu_106,0,1,36
stu_106,7,1,42
stu_106,9,0,45
stu_106,2,0,51
stu_106,4,1,55
stu_106,1,1,57
stu_106,8,0,61
stu_106,9,1,64
stu_106,2,1,67
stu_107,0,1,9
stu_107,8,0,12
stu_107,9,1,16
stu_107,6,0,22
stu_107,1,0,28
stu_107,8,1,32
stu_107,6,1,34
stu_107,5,1,36
stu_107,3,1,40
stu_107,4,1,42
stu_107,7,1,46
stu_107,1,1,49
stu_107,2,0,54
stu_107,2,0,58
stu_107,2,1,61
stu_108,7,1,11
stu_108,9,1,13
stu_108,2,1,17
stu_108,1,1,22
stu_108,8,1,28
stu_108,6,1,32
stu_108,5,0,36
stu_108,0,0,42
stu_108,5,1,44
stu_108,3,1,47
stu_108,0,0,51
stu_109,9,1,14
stu_109,1,1,16
stu_109,2,1,21
stu_109,3,0,27
stu_109,7,1,30
stu_109,8,1,32
stu_109,5,0,34
stu_109,5,1,37
stu_109,6,1,42
stu_109,3,1,47
stu_109,0,1,52
stu_109,4,0,58
stu_109,4,1,61
stu_111,6,1,19
stu_111,4,0,22
stu_111,2,1,28
stu_111,9,0,30
stu_111,5,1,34
stu_111,9,0,36
stu_111,1,1,40
stu_111,0,1,43
stu_111,9,0,45
stu_111,8,1,51
stu_111,4,1,56
stu_111,7,1,60
stu_111,3,1,63
stu_111,9,1,69
stu_112,3,1,32
stu_112,6,1,36
stu_112,9,0,41
stu_112,2,0,47
stu_112,4,1,49
stu_112,2,1,55
stu_112,7,0,61
stu_112,9,0,63
stu_112,5,0,67
stu_112,7,0,69
stu_112,8,0,74
stu_112,0,0,78
stu_112,1,1,84
stu_112,7,1,89
stu_112,0,1,94
stu_113,8,1,7
stu_113,2,1,12
stu_113,5,0,16
stu_113,5,1,18
stu_113,6,1,23
stu_113,9,0,25
stu_113,4,1,29
stu_113,3,0,34
stu_113,7,1,37
stu_113,9,1,41
stu_113,3,1,46
stu_113,0,1,49
stu_113,1,1,52
stu_114,8,1,17
stu_114,0,0,23
stu_114,3,1,28
stu_114,2,0,31
stu_114,4,0,34
stu_114,9,0,40
stu_114,2,0,43
stu_114,1,0,46
stu_114,7,0,48
stu_114,5,1,53
stu_114,7,1,57
stu_114,1,1,62
stu_114,0,1,66
stu_114,4,1,68
stu_114,6,0,74
stu_114,9,0,79
stu_114,2,0,83
stu_114,2,1,87
stu_114,6,1,92
stu_114,9,0,95
stu_114,9,0,100
stu_114,9,0,102
stu_114,9,0,108
stu_114,9,0,112
stu_116,9,1,16
stu_116,6,1,18
stu_116,5,1,20
stu_116,8,1,22
stu_116,3,1,25
stu_116,7,0,31
stu_116,2,0,35
stu_116,7,1,38
stu_116,2,0,43
stu_116,1,1,49
stu_116,4,1,54
stu_116,2,0,60
stu_116,2,1,65
stu_116,0,1,67
stu_117,2,1,13
stu_117,6,1,15
stu_117,4,1,18
stu_117,1,1,23
stu_117,8,1,27
stu_117,0,1,33
stu_117,7,1,37
stu_117,9,1,39
stu_117,3,0,45
stu_117,3,1,50
stu_117,5,1,55
stu_118,7,1,11
stu_118,2,1,15
stu_118,8,1,20
stu_118,4,1,22
stu_118,3,1,24
stu_118,0,0,28
stu_118,9,0,32
stu_118,9,0,35
stu_118,5,0,39
stu_118,1,0,42
stu_118,0,1,46
stu_118,6,0,50
stu_118,5,1,55
stu_118,9,0,58
stu_118,1,1,61
stu_118,6,1,64
stu_118,9,0,70
stu_118,9,0,76
stu_118,9,1,82
stu_119,6,1,19
stu_119,4,1,23
stu_119,3,0,29
stu_119,7,0,35
stu_119,0,1,37
stu_119,5,1,42
stu_119,7,1,45
stu_119,1,1,47
stu_119,2,1,49
stu_119,9,1,54
stu_119,8,0,59
stu_119,8,1,65
stu_119,3,1,67
stu_121,7,1,15
stu_121,0,1,18
stu_121,8,1,20
stu_121,6,1,26
stu_121,9,0,30
stu_121,1,1,34
stu_121,9,1,36
stu_121,2,1,40
stu_121,5,1,42
stu_121,4,0,46
stu_121,4,0,52
stu_122,3,1,17
stu_122,5,1,20
stu_122,6,1,23
stu_122,4,1,27
stu_122,2,0,31
stu_122,2,1,33
stu_122,8,1,36
stu_122,0,1,41
stu_122,9,1,47
stu_122,7,1,53
stu_122,1,1,58
stu_123,9,1,30
stu_123,7,1,36
stu_123,8,1,38
stu_123,6,1,41
stu_123,3,1,45
stu_123,5,1,51
stu_123,4,1,54
stu_123,1,0,59
stu_123,2,0,62
stu_123,2,0,66
stu_124,9,1,11
stu_124,2,1,17
stu_124,6,1,20
stu_124,4,1,26
stu_124,7,1,31
stu_124,8,1,35
stu_124,1,1,40
stu_124,5,1,46
stu_124,3,1,48
stu_124,0,1,54
stu_126,6,1,35
stu_126,9,1,39
stu_126,2,1,42
stu_126,0,1,46
stu_126,8,1,50
stu_126,7,1,52
stu_126,5,1,54
stu_126,3,0,59
stu_126,3,1,63
stu_126,4,1,68
stu_126,1,1,70
stu_127,9,1,12
stu_127,0,1,18
stu_127,1,1,22
stu_127,3,1,28
stu_127,5,0,30
stu_127,2,1,36
stu_127,6,1,41
stu_127,7,1,47
stu_127,5,1,49
stu_127,8,1,52
stu_127,4,1,57
stu_128,6,1,27
stu_128,3,1,32
stu_128,5,0,37
stu_128,1,1,39
stu_128,8,1,42
stu_128,7,1,47
stu_128,0,1,50
stu_128,5,1,53
stu_128,9,0,56
stu_128,9,0,60
stu_128,4,1,63
stu_128,9,0,68
stu_128,9,0,70
stu_128,2,1,74
stu_128,9,0,77
stu_128,9,0,80
stu_128,9,0,85
stu_129,8,1,24
stu_129,5,1,27
stu_129,7,1,33
stu_129,6,1,37
stu_129,4,1,39
stu_129,1,1,42
stu_129,2,1,47
stu_129,3,1,49
stu_129,0,1,51
stu_129,9,0,56
stu_129,9,1,59
stu_131,4,1,26
stu_131,2,0,29
stu_131,9,1,35
stu_131,5,1,40
stu_131,6,1,44
stu_131,8,0,50
stu_131,2,0,55
stu_131,7,1,57
stu_131,0,1,63
stu_131,1,1,69
stu_131,8,0,75
stu_131,3,0,78
stu_131,2,0,81
stu_131,3,1,85
stu_132,2,1,26
stu_132,3,1,29
stu_132,1,1,31
stu_132,0,1,37
stu_132,9,1,40
stu_132,8,1,42
stu_132,7,1,45
stu_132,6,0,50
stu_132,5,1,54
stu_132,4,0,56
stu_132,4,0,59
stu_132,6,1,62
stu_132,4,0,64
stu_132,4,0,68
stu_132,4,1,71
stu_133,4,1,17
stu_133,1,1,21
stu_133,9,1,24
stu_133,8,1,29
stu_133,6,1,33
stu_133,3,1,39
stu_133,0,1,43
stu_133,2,0,45
stu_133,7,0,48
stu_133,7,0,52
stu_133,2,0,58
stu_133,7,0,60
stu_133,2,0,62
stu_133,5,1,67
stu_133,2,0,73
stu_133,2,0,77
stu_133,2,0,79
stu_133,2,1,85
stu_133,7,1,88
stu_134,2,1,3
stu_134,8,1,9
stu_134,7,1,15
stu_134,0,1,20
stu_134,5,0,25
stu_134,5,1,28
stu_134,4,1,32
stu_134,6,0,35
stu_134,9,0,37
stu_134,9,0,41
stu_134,6,1,46
stu_134,3,1,51
stu_134,1,1,57
stu_134,9,0,59
stu_134,9,1,64
stu_136,8,1,15
stu_136,9,0,20
stu_136,0,1,24
stu_136,3,1,26
stu_136,7,0,30
stu_136,5,0,36
stu_136,7,0,42
stu_136,5,1,44
stu_136,9,0,49
stu_136,6,1,52
stu_136,4,0,54
stu_136,4,1,58
stu_136,1,1,60
stu_136,7,1,64
stu_136,9,1,69
stu_136,2,1,72
stu_137,7,0,20
stu_137,4,1,22
stu_137,6,0,28
stu_137,9,0,30
stu_137,2,0,35
stu_137,5,1,40
stu_137,3,1,43
stu_137,1,1,46
stu_137,7,0,48
stu_137,6,1,53
stu_137,2,0,55
stu_137,8,0,58
stu_137,7,1,63
stu_137,9,1,65
stu_137,0,1,68
stu_137,2,1,72
stu_137,8,0,75
stu_137,8,1,79
stu_138,4,1,30
stu_138,2,1,36
stu_138,5,1,41
stu_138,8,1,45
stu_138,6,1,48
stu_138,1,1,54
stu_138,7,1,60
stu_138,0,1,63
stu_138,9,0,67
stu_138,3,1,73
stu_138,9,1,75
stu_139,0,1,8
stu_139,2,1,12
stu_139,9,0,14
stu_139,8,1,16
stu_139,9,0,18
stu_139,6,1,23
stu_139,4,1,25
stu_139,3,0,27
stu_139,9,0,31
stu_139,5,1,34
stu_139,3,1,36
stu_139,1,1,40
stu_139,7,1,45
stu_139,9,0,49
stu_139,9,0,55
stu_139,9,0,60
stu_139,9,0,63
stu_139,9,0,68
stu_139,9,0,72
stu_139,9,1,78
stu_141,6,1,26
stu_141,4,1,29
stu_141,8,1,34
stu_141,1,1,37
stu_141,2,1,42
stu_141,5,1,46
stu_141,0,1,51
stu_141,3,1,54
stu_141,9,1,60
stu_141,7,1,62
stu_142,1,1,35
stu_142,9,1,41
stu_142,6,1,44
stu_142,0,1,49
stu_142,8,1,53
stu_142,3,1,57
stu_142,7,1,59
stu_142,4,0,62
stu_142,2,1,66
stu_142,5,1,70
stu_142,4,1,74
stu_143,3,0,27
stu_143,1,1,29
stu_143,4,1,31
stu_143,8,1,37
stu_143,3,0,39
stu_143,5,1,42
stu_143,9,0,48
stu_143,3,0,53
stu_143,7,1,59
stu_143,0,1,63
stu_143,3,0,68
stu_143,9,0,71
stu_143,3,0,76
stu_143,3,0,82
stu_143,6,1,87
stu_143,3,1,91
stu_143,9,0,96
stu_143,9,0,98
stu_143,2,0,104
stu_144,9,0,21
stu_144,0,1,23
stu_144,8,0,27
stu_144,9,0,31
stu_144,7,0,34
stu_144,9,0,36
stu_144,5,1,40
stu_144,4,0,45
stu_144,2,1,51
stu_144,8,1,53
stu_144,1,1,55
stu_144,4,1,58
stu_144,3,1,61
stu_144,6,1,67
stu_144,9,0,73
stu_144,7,1,79
stu_144,9,1,85
stu_146,6,1,17
stu_146,4,0,22
stu_146,9,0,27
stu_146,5,0,29
stu_146,1,1,33
stu_146,8,1,39
stu_146,0,1,43
stu_146,7,1,49
stu_146,2,0,54
stu_146,2,0,59
stu_146,9,1,63
stu_146,2,1,65
stu_146,3,1,68
stu_146,4,1,70
stu_146,5,1,76
stu_147,1,1,28
stu_147,4,1,33
stu_147,6,1,35
stu_147,3,1,37
stu_147,0,1,41
stu_147,5,1,46
stu_147,2,0,48
stu_147,7,1,51
stu_147,2,1,56
stu_147,8,1,60
stu_147,9,0,62
stu_147,9,0,64
stu_147,9,0,66
stu_147,9,1,68
stu_148,0,1,6
stu_148,4,1,8
stu_148,2,0,14
stu_148,7,1,16
stu_148,3,1,18
stu_148,2,1,20
stu_148,6,1,24
stu_148,9,0,27
stu_148,5,1,32
stu_148,1,1,34
stu_148,8,1,38
stu_148,9,1,43
stu_149,5,1,6
stu_149,6,1,11
stu_149,3,1,13
stu_149,2,1,19
stu_149,9,0,24
stu_149,4,1,26
stu_149,9,0,31
stu_149,7,1,33
stu_149,9,0,36
stu_149,8,0,42
stu_149,0,1,45
stu_149,1,1,48
stu_151,8,1,12
stu_151,5,1,14
stu_151,1,1,18
stu_151,3,0,21
stu_151,0,1,27
stu_151,6,0,33
stu_151,3,1,36
stu_151,4,1,39
stu_151,9,1,45
stu_151,7,0,47
stu_151,6,1,49
stu_151,2,0,52
stu_152,5,1,26
stu_152,7,0,32
stu_152,8,1,38
stu_152,7,1,44
stu_152,4,1,47
stu_152,1,1,53
stu_152,6,0,55
stu_152,3,1,60
stu_152,6,1,65
stu_152,9,0,68
stu_152,0,1,70
stu_152,2,0,76
stu_152,9,0,82
stu_152,9,0,87
stu_152,9,0,93
stu_153,0,1,25
stu_153,4,1,31
stu_153,8,0,34
stu_153,1,1,36
stu_153,5,1,41
stu_153,3,1,47
stu_153,9,0,52
stu_153,9,0,57
stu_153,6,0,62
stu_153,2,0,66
stu_153,9,0,71
stu_153,7,1,75
stu_153,8,1,78
stu_153,6,0,82
stu_153,2,1,87
stu_153,6,0,89
stu_153,6,0,94
stu_153,9,0,100
stu_153,6,0,103
stu_153,6,0,106
stu_153,6,0,111
stu_153,6,0,117
stu_153,6,0,119
stu_153,9,0,121
stu_153,9,0,126
stu_153,6,1,128
stu_153,9,0,131
stu_154,2,1,7
stu_154,3,1,12
stu_154,9,1,16
stu_154,5,1,21
stu_154,8,1,26
stu_154,4,0,30
stu_154,1,1,36
stu_154,7,1,40
stu_154,0,1,45
stu_154,6,1,49
stu_154,4,1,51
stu_156,9,1,23
stu_156,2,1,26
stu_156,8,1,29
stu_156,5,1,31
stu_156,0,1,36
stu_156,3,1,38
stu_156,7,1,42
stu_156,1,1,47
stu_156,4,1,53
stu_156,6,0,58
stu_156,6,1,61
stu_157,8,1,27
stu_157,7,1,30
stu_157,4,0,34
stu_157,3,1,36
stu_157,1,1,39
stu_157,0,1,41
stu_157,6,1,45
stu_157,5,0,51
stu_157,2,0,54
stu_157,2,0,56
stu_157,2,1,58
stu_157,9,0,64
stu_157,4,0,67
stu_157,9,0,72
stu_157,4,1,76
stu_157,9,0,78
stu_157,5,1,84
stu_157,9,0,87
stu_157,9,1,89
stu_158,8,0,16
stu_158,8,0,20
stu_158,6,0,26
stu_158,5,1,28
stu_158,1,1,32
stu_158,7,1,35
stu_158,3,1,40
stu_158,4,1,46
stu_158,6,1,52
stu_158,9,0,58
stu_158,8,1,62
stu_158,9,0,67
stu_158,0,0,71
stu_158,9,0,73
stu_158,9,1,79
stu_159,2,1,24
stu_159,6,0,29
stu_159,5,1,31
stu_159,7,1,37
stu_159,1,1,41
stu_159,9,1,43
stu_159,8,1,46
stu_159,4,1,48
stu_159,3,1,50
stu_159,0,1,52
stu_159,6,1,56
stu_161,4,1,15
stu_161,7,1,18
stu_161,6,0,21
stu_161,6,0,27
stu_161,5,1,29
stu_161,3,1,31
stu_161,8,1,33
stu_161,6,1,37
stu_161,1,1,42
stu_161,2,1,44
stu_161,9,0,47
stu_161,9,0,51
stu_161,9,1,55
stu_161,0,1,58
stu_162,6,1,17
stu_162,9,1,22
stu_162,5,1,27
stu_162,3,1,33
stu_162,1,1,37
stu_162,8,0,41
stu_162,4,0,46
stu_162,8,1,48
stu_162,7,1,52
stu_162,0,1,56
stu_162,4,1,62
stu_162,2,1,68
stu_163,5,1,19
stu_163,0,1,24
stu_163,9,0,30
stu_163,6,1,34
stu_163,4,1,37
stu_163,2,1,43
stu_163,9,0,48
stu_163,3,1,51
stu_163,1,0,55
stu_163,9,0,57
stu_163,9,0,59
stu_163,9,1,61
stu_163,8,1,65
stu_163,7,1,67
stu_163,1,1,69
stu_164,3,0,5
stu_164,1,1,7
stu_164,7,1,10
stu_164,6,1,15
stu_164,3,0,21
stu_164,5,0,25
stu_164,3,1,31
stu_164,9,1,35
stu_164,2,1,37
stu_164,5,1,43
stu_164,4,1,47
stu_166,0,1,19
stu_166,3,1,21
stu_166,7,1,24
stu_166,6,1,29
stu_166,5,1,33
stu_166,9,0,37
stu_166,8,0,43
stu_166,9,0,46
stu_166,4,0,52
stu_166,2,0,55
stu_166,2,1,59
stu_166,1,1,64
stu_166,9,0,66
stu_166,9,0,72
stu_166,4,0,75
stu_166,8,0,78
stu_167,8,1,9
stu_167,4,1,13
stu_167,9,0,16
stu_167,6,1,19
stu_167,2,1,24
stu_167,1,1,30
stu_167,0,1,34
stu_167,5,1,36
stu_167,7,1,42
stu_167,3,1,47
stu_167,9,1,51
stu_168,9,1,15
stu_168,0,1,19
stu_168,7,1,25
stu_168,8,1,30
stu_168,5,0,34
stu_168,5,1,39
stu_168,1,1,42
stu_168,4,1,45
stu_168,2,0,49
stu_168,6,0,52
stu_168,6,0,54
stu_169,4,1,21
stu_169,1,1,23
stu_169,8,1,25
stu_169,5,1,29
stu_169,7,1,34
stu_169,6,0,39
stu_169,6,0,43
stu_169,6,1,49
stu_169,9,0,53
stu_169,0,1,55
stu_169,9,0,58
stu_171,1,1,29
stu_171,4,0,31
stu_171,6,1,36
stu_171,7,1,42
stu_171,9,0,47
stu_171,9,0,51
stu_171,5,0,57
stu_171,0,0,59
stu_171,3,0,63
stu_171,3,1,66
stu_171,8,0,68
stu_171,2,0,72
stu_171,2,1,74
stu_171,5,1,80
stu_171,4,1,83
stu_171,8,1,89
stu_171,9,0,95
stu_171,0,1,101
stu_171,9,0,103
stu_171,9,0,109
stu_172,4,0,33
stu_172,1,1,39
stu_172,6,1,42
stu_172,3,1,47
stu_172,8,0,51
stu_172,8,0,53
stu_172,8,0,55
stu_172,5,1,60
stu_172,9,0,63
stu_172,8,1,68
stu_172,7,1,74
stu_172,9,0,79
stu_172,0,1,84
stu_173,1,1,7
stu_173,4,1,13
stu_173,3,1,19
stu_173,0,0,23
stu_173,5,0,25
stu_173,8,0,29
stu_173,0,1,34
stu_173,2,1,36
stu_173,8,0,41
stu_173,5,1,44
stu_173,6,1,49
stu_173,9,0,54
stu_173,8,0,56
stu_173,7,1,61
stu_173,8,0,65
stu_173,8,1,67
stu_173,9,0,70
stu_173,9,0,74
stu_173,9,1,78
stu_174,1,1,28
stu_174,6,0,31
stu_174,6,1,34
stu_174,9,0,40
stu_174,2,0,45
stu_174,2,0,49
stu_174,7,1,52
stu_174,9,1,55
stu_174,4,1,61
stu_174,8,1,66
stu_174,3,1,71
stu_174,0,0,76
stu_174,5,1,80
stu_174,2,1,82
stu_174,0,1,88
stu_176,5,0,17
stu_176,2,0,19
stu_176,8,0,24
stu_176,3,0,26
stu_176,2,0,31
stu_176,2,0,37
stu_176,4,1,43
stu_176,6,1,45
stu_176,7,0,48
stu_176,2,1,53
stu_176,0,0,58
stu_176,8,1,61
stu_176,1,1,65
stu_176,9,0,70
stu_176,9,0,73
stu_177,6,1,30
stu_177,1,1,33
stu_177,8,1,37
stu_177,5,1,40
stu_177,9,0,43
stu_177,9,0,47
stu_177,3,0,49
stu_177,3,1,52
stu_177,9,0,56
stu_177,2,1,60
stu_177,9,0,66
stu_177,0,1,69
stu_177,9,0,73
stu_177,7,1,78
stu_177,4,0,81
stu_177,9,1,84
stu_177,4,0,86
stu_177,4,1,91
stu_178,2,1,4
stu_178,5,1,7
stu_178,3,1,12
stu_178,4,1,16
stu_178,9,0,21
stu_178,9,0,24
stu_178,8,1,30
stu_178,7,1,32
stu_178,1,1,35
stu_178,0,1,41
stu_178,6,0,47
stu_178,6,1,52
stu_179,1,1,29
stu_179,0,1,34
stu_179,8,1,38
stu_179,9,1,41
stu_179,7,1,43
stu_179,2,1,49
stu_179,4,1,55
stu_179,6,0,58
stu_179,5,0,62
stu_179,5,0,68
stu_179,6,1,72
stu_179,5,1,75
stu_179,3,0,78
stu_181,0,0,15
stu_181,6,0,21
stu_181,2,1,23
stu_181,6,0,28
stu_181,8,1,30
stu_181,9,0,32
stu_181,5,1,37
stu_181,9,1,39
stu_181,0,1,44
stu_181,6,1,49
stu_181,7,1,51
stu_181,3,1,56
stu_181,4,1,62
stu_181,1,1,68
stu_182,4,1,23
stu_182,2,0,27
stu_182,6,0,33
stu_182,7,0,35
stu_182,5,1,37
stu_182,8,0,42
stu_182,6,0,46
stu_182,6,0,52
stu_182,2,0,54
stu_182,2,0,60
stu_182,3,0,65
stu_182,3,0,71
stu_182,1,1,77
stu_182,7,0,80
stu_182,7,1,85
stu_183,3,1,18
stu_183,7,1,21
stu_183,1,1,27
stu_183,9,1,33
stu_183,0,0,35
stu_183,0,1,39
stu_183,5,1,45
stu_183,4,1,47
stu_183,6,1,51
stu_183,2,1,55
stu_183,8,1,60
stu_184,7,0,19
stu_184,2,0,22
stu_184,7,1,26
stu_184,3,1,28
stu_184,8,1,32
stu_184,4,1,36
stu_184,9,0,42
stu_184,9,0,47
stu_184,0,0,49
stu_184,5,1,54
stu_184,6,0,59
stu_184,1,1,61
stu_184,0,1,67
stu_184,9,1,72
stu_184,6,1,76
stu_184,2,1,80
stu_186,8,1,31
stu_186,0,1,35
stu_186,1,1,38
stu_186,2,1,44
stu_186,6,1,48
stu_186,5,1,52
stu_186,9,0,55
stu_186,9,0,59
stu_186,3,1,61
stu_186,4,0,66
stu_186,7,0,72
stu_186,9,0,77
stu_186,4,1,80
stu_186,9,0,83
stu_186,9,0,85
stu_186,7,1,90
stu_186,9,0,96
stu_186,9,1,102
stu_187,7,1,26
stu_187,3,1,28
stu_187,8,1,34
stu_187,5,1,38
stu_187,4,1,40
stu_187,2,0,44
stu_187,1,1,48
stu_187,0,1,50
stu_187,9,0,55
stu_187,2,1,61
stu_187,6,0,67
stu_187,9,0,70
stu_187,6,1,72
stu_187,9,0,74
stu_187,9,0,79
stu_188,7,1,19
stu_188,6,0,24
stu_188,5,1,27
stu_188,0,1,32
stu_188,6,1,36
stu_188,4,1,40
stu_188,2,1,42
stu_188,9,1,46
stu_188,3,1,49
stu_188,1,1,51
stu_188,8,1,53
stu_189,0,1,9
stu_189,8,1,13
stu_189,9,1,17
stu_189,1,1,21
stu_189,5,1,27
stu_189,7,1,33
stu_189,4,1,36
stu_189,3,0,40
stu_189,2,0,45
stu_189,2,1,47
stu_189,6,1,49
stu_189,3,1,52
stu_191,0,1,7
stu_191,6,1,9
stu_191,4,1,13
stu_191,1,1,17
stu_191,2,1,19
stu_191,3,1,21
stu_191,7,1,27
stu_191,8,1,29
stu_191,9,0,34
stu_191,5,1,37
stu_191,9,0,40
stu_191,9,0,46
stu_191,9,0,51
stu_191,9,1,53
stu_192,2,1,20
stu_192,6,1,22
stu_192,8,1,28
stu_192,4,0,32
stu_192,9,0,34
stu_192,1,1,40
stu_192,3,1,46
stu_192,0,1,51
stu_192,4,1,55
stu_192,9,1,61
stu_192,5,1,63
stu_192,7,1,66
stu_193,9,1,24
stu_193,1,1,30
stu_193,3,1,34
stu_193,7,1,38
stu_193,2,1,43
stu_193,6,1,49
stu_193,8,1,54
stu_193,0,0,56
stu_193,4,0,60
stu_193,4,1,63
stu_193,0,1,69
stu_193,5,1,75
stu_194,9,1,17
stu_194,3,1,19
stu_194,8,1,21
stu_194,4,0,27
stu_194,5,0,31
stu_194,0,1,34
stu_194,1,1,38
stu_194,2,1,42
stu_194,7,0,46
stu_194,7,1,48
stu_194,4,1,54
stu_194,5,1,58
stu_194,6,1,63
stu_196,9,1,11
stu_196,4,1,16
stu_196,3,1,18
stu_196,2,1,23
stu_196,6,0,29
stu_196,7,0,31
stu_196,6,0,36
stu_196,5,0,39
stu_196,7,1,41
stu_196,8,1,46
stu_196,0,1,48
stu_196,5,0,51
stu_196,6,1,53
stu_196,1,1,59
stu_196,5,1,62
stu_197,0,1,20
stu_197,3,0,22
stu_197,9,0,28
stu_197,1,1,31
stu_197,3,1,35
stu_197,6,1,39
stu_197,5,1,41
stu_197,8,1,43
stu_197,2,1,47
stu_197,9,0,53
stu_198,7,0,19
stu_198,5,0,21
stu_198,5,1,23
stu_198,8,1,25
stu_198,6,1,28
stu_198,0,0,34
stu_198,7,0,39
stu_198,7,1,42
stu_198,0,1,47
stu_198,4,1,49
stu_198,1,1,51
stu_198,3,1,53
stu_198,2,1,58
stu_198,9,1,61
stu_199,6,1,16
stu_199,7,0,20
stu_199,7,0,22
stu_199,7,0,26
stu_199,8,1,28
stu_199,4,0,32
stu_199,1,1,37
stu_199,7,1,40
stu_199,4,0,42
stu_199,2,0,44
stu_199,4,1,48
stu_199,5,1,51
stu_199,9,0,56
stu_199,3,1,60
stu_199,2,1,63
stu_199,9,1,68
stu_199,0,1,71
stu_201,1,0,9
stu_201,0,1,11
stu_201,5,1,16
stu_201,6,1,19
stu_201,3,1,25
stu_201,9,0,28
stu_201,9,0,30
stu_201,4,0,36
stu_201,2,1,38
stu_201,4,1,42
stu_201,8,1,48
stu_201,1,1,53
stu_201,9,0,59
stu_201,7,1,64
stu_201,9,1,67
stu_202,1,1,20
stu_202,3,1,25
stu_202,8,1,30
stu_202,4,1,35
stu_202,5,0,39
stu_202,9,0,44
stu_202,6,1,46
stu_202,5,1,51
stu_202,9,0,55
stu_202,0,1,59
stu_202,2,0,65
stu_202,2,0,69
stu_202,2,1,73
stu_202,7,0,77
stu_202,7,1,79
stu_202,9,1,85
stu_203,8,1,27
stu_203,1,1,31
stu_203,4,1,33
stu_203,9,1,39
stu_203,0,1,44
stu_203,5,0,50
stu_203,6,1,54
stu_203,3,1,56
stu_203,2,0,60
stu_203,5,1,63
stu_203,2,0,69
stu_203,7,0,71
stu_203,2,0,75
stu_203,2,0,77
stu_203,2,0,82
stu_203,2,0,86
stu_203,2,0,89
stu_203,7,1,91
stu_203,2,1,94
stu_204,6,1,29
stu_204,4,1,34
stu_204,2,1,40
stu_204,5,1,44
stu_204,1,1,49
stu_204,9,0,54
stu_204,8,0,59
stu_204,3,1,64
stu_204,7,1,68
stu_204,9,1,71
stu_204,8,0,74
stu_204,0,1,78
stu_204,8,0,81
stu_204,8,1,83
stu_206,7,1,11
stu_206,8,1,15
stu_206,5,1,17
stu_206,9,1,21
stu_206,6,0,26
stu_206,4,0,29
stu_206,4,0,32
stu_206,2,0,35
stu_206,1,1,41
stu_206,0,1,46
stu_206,3,1,48
stu_206,4,1,50
stu_207,8,1,8
stu_207,0,1,10
stu_207,5,1,15
stu_207,7,1,19
stu_207,2,0,25
stu_207,9,0,27
stu_207,2,1,32
stu_207,1,0,35
stu_207,9,0,39
stu_207,3,0,44
stu_207,9,0,48
stu_207,9,0,52
stu_207,4,1,57
stu_207,1,1,59
stu_207,6,1,65
stu_207,3,1,69
stu_207,9,0,73
stu_207,9,0,75
stu_207,9,0,80
stu_207,9,0,85
stu_207,9,1,89
stu_208,8,1,8
stu_208,7,1,11
stu_208,2,0,15
stu_208,3,1,21
stu_208,0,1,27
stu_208,9,0,32
stu_208,5,0,34
stu_208,1,1,37
stu_208,9,0,40
stu_208,6,0,46
stu_208,6,0,51
stu_208,5,0,57
stu_208,6,0,60
stu_208,5,1,64
stu_208,6,1,69
stu_208,2,1,71
stu_208,9,0,74
stu_208,4,0,77
stu_208,9,1,83
stu_208,4,1,85
stu_209,4,1,15
stu_209,0,1,19
stu_209,7,1,24
stu_209,9,1,27
stu_209,5,1,29
stu_209,6,1,32
stu_209,3,0,34
stu_209,1,1,39
stu_209,8,0,43
stu_209,8,0,48
stu_211,9,1,34
stu_211,7,1,39
stu_211,1,1,43
stu_211,8,1,45
stu_211,4,1,51
stu_211,6,1,55
stu_211,3,1,59
stu_211,5,0,63
stu_211,0,1,66
stu_211,5,1,69
stu_211,2,1,72
stu_212,2,1,6
stu_212,1,1,10
stu_212,8,1,12
stu_212,9,1,15
stu_212,4,1,20
stu_212,5,1,24
stu_212,0,1,27
stu_212,7,1,32
stu_212,3,1,37
stu_212,6,1,39
stu_213,9,0,16
stu_213,5,1,19
stu_213,4,1,24
stu_213,7,1,30
stu_213,1,1,35
stu_213,0,0,37
stu_213,0,1,41
stu_213,6,0,45
stu_213,6,0,51
stu_213,2,0,53
stu_213,6,0,58
stu_213,6,0,61
stu_213,2,0,65
stu_213,3,1,70
stu_213,2,1,76
stu_213,9,0,80
stu_213,9,0,84
stu_213,9,0,88
stu_213,8,1,93
stu_214,5,0,11
stu_214,3,0,16
stu_214,3,0,20
stu_214,2,0,24
stu_214,9,0,27
stu_214,6,1,29
stu_214,4,0,33
stu_214,5,1,35
stu_214,0,1,38
stu_214,1,1,44
stu_214,2,1,49
stu_214,3,1,53
stu_214,8,1,58
stu_214,4,1,62
stu_214,7,0,64
stu_214,9,0,66
stu_214,7,1,72
stu_214,9,0,76
stu_214,9,1,79
stu_216,9,1,17
stu_216,1,1,20
stu_216,8,1,22
stu_216,2,1,28
stu_216,0,1,30
stu_216,4,0,35
stu_216,7,1,40
stu_216,3,0,42
stu_216,4,1,46
stu_216,5,1,52
stu_216,3,1,54
stu_216,6,1,59
stu_217,0,1,17
stu_217,6,1,23
stu_217,1,1,29
stu_217,3,1,34
stu_217,7,1,39
stu_217,5,0,41
stu_217,4,1,47
stu_217,8,1,53
stu_217,5,1,55
stu_217,9,1,59
stu_217,2,0,65
stu_217,2,1,68
stu_218,4,1,32
stu_218,2,0,36
stu_218,5,1,38
stu_218,3,0,41
stu_218,1,1,44
stu_218,2,1,49
stu_218,0,1,52
stu_218,6,0,57
stu_218,6,0,63
stu_218,8,0,65
stu_218,7,1,71
stu_218,6,0,73
stu_218,6,0,76
stu_218,6,1,81
stu_218,3,1,83
stu_218,9,0,86
stu_218,9,0,90
stu_218,9,0,94
stu_218,8,0,99
stu_218,8,1,104
stu_218,9,1,108
stu_219,7,1,24
stu_219,9,0,27
stu_219,9,0,29
stu_219,6,1,31
stu_219,3,1,34
stu_219,5,1,37
stu_219,2,0,40
stu_219,1,1,43
stu_219,2,1,45
stu_219,0,1,48
stu_219,4,1,54
stu_219,9,0,60
stu_219,9,0,65
stu_219,9,0,70
stu_219,9,0,74
stu_219,8,0,80
stu_219,9,1,83
stu_219,8,1,87
stu_221,1,1,17
stu_221,3,1,21
stu_221,7,1,23
stu_221,5,1,26
stu_221,8,1,29
stu_221,4,1,34
stu_221,2,1,36
stu_221,9,0,40
stu_221,0,1,42
stu_221,9,1,45
stu_221,6,1,50
stu_222,1,1,6
stu_222,5,1,11
stu_222,7,1,13
stu_222,8,1,19
stu_222,0,1,21
stu_222,9,1,26
stu_222,4,1,32
stu_222,3,1,38
stu_222,6,1,43
stu_222,2,0,45
stu_222,2,0,49
stu_222,2,0,54
stu_222,2,1,58
stu_223,9,1,31
stu_223,0,1,34
stu_223,4,0,40
stu_223,1,1,42
stu_223,2,1,46
stu_223,8,1,48
stu_223,3,1,53
stu_223,7,0,55
stu_223,7,1,57
stu_223,4,1,61
stu_223,5,1,63
stu_223,6,0,66
stu_223,6,0,69
stu_223,6,1,75
stu_224,9,0,31
stu_224,8,1,37
stu_224,1,1,40
stu_224,7,1,45
stu_224,0,1,51
stu_224,5,1,57
stu_224,6,0,59
stu_224,9,0,63
stu_224,6,1,65
stu_224,9,1,70
stu_224,2,0,76
stu_224,3,0,78
stu_224,2,1,82
stu_224,3,1,84
stu_224,4,1,90
stu_226,8,1,30
stu_226,9,1,32
stu_226,7,1,34
stu_226,1,1,38
stu_226,3,1,42
stu_226,6,1,44
stu_226,0,1,46
stu_226,2,0,51
stu_226,2,1,55
stu_226,5,1,61
stu_226,4,1,63
stu_227,1,1,8
stu_227,4,1,14
stu_227,3,1,18
stu_227,9,1,22
stu_227,6,1,25
stu_227,0,1,31
stu_227,8,1,37
stu_227,7,0,41
stu_227,5,0,47
stu_227,2,1,53
stu_227,5,1,57
stu_227,7,1,62
stu_228,9,1,16
stu_228,4,1,18
stu_228,8,1,21
stu_228,0,1,24
stu_228,2,1,26
stu_228,5,1,28
stu_228,3,1,33
stu_228,7,1,39
stu_228,1,1,45
stu_228,6,0,47
stu_228,6,0,51
stu_228,6,1,56
stu_229,9,1,16
stu_229,3,1,21
stu_229,5,1,23
stu_229,1,0,26
stu_229,1,0,30
stu_229,0,0,32
stu_229,4,1,37
stu_229,0,0,40
stu_229,7,1,43
stu_229,1,1,46
stu_229,6,1,50
stu_229,0,1,52
stu_229,8,1,56
stu_229,2,0,60
stu_229,2,0,66
stu_229,2,0,72
stu_229,2,1,76
stu_231,8,1,27
stu_231,9,1,33
stu_231,1,1,39
stu_231,7,1,44
stu_231,5,0,49
stu_231,3,1,54
stu_231,5,1,56
stu_231,2,0,58
stu_231,4,1,64
stu_231,2,1,67
stu_231,0,1,72
stu_231,6,1,78
stu_232,3,1,32
stu_232,8,1,35
stu_232,9,1,40
stu_232,6,1,43
stu_232,4,1,48
stu_232,1,1,54
stu_232,7,1,58
stu_232,0,1,61
stu_232,5,1,63
stu_232,2,0,65
stu_232,2,1,71
stu_233,9,0,24
stu_233,1,1,30
stu_233,5,1,33
stu_233,2,1,39
stu_233,6,1,45
stu_233,4,1,47
stu_233,3,1,51
stu_233,8,0,53
stu_233,0,1,56
stu_233,7,1,61
stu_233,8,1,66
stu_233,9,1,68
stu_234,8,1,27
stu_234,0,1,30
stu_234,3,1,35
stu_234,4,1,41
stu_234,9,0,44
stu_234,1,1,47
stu_234,6,1,52
stu_234,9,1,58
stu_234,7,1,63
stu_234,5,1,65
stu_234,2,1,71
stu_236,8,1,33
stu_236,1,1,39
stu_236,7,1,44
stu_236,0,1,46
stu_236,6,0,51
stu_236,4,1,54
stu_236,5,1,59
stu_236,2,0,65
stu_236,9,0,67
stu_236,9,1,73
stu_237,4,1,14
stu_237,3,1,20
stu_237,8,1,24
stu_237,2,1,26
stu_237,9,1,29
stu_237,7,1,31
stu_237,6,1,33
stu_237,5,1,38
stu_237,1,1,42
stu_237,0,1,46
stu_238,9,1,26
stu_238,1,1,28
stu_238,5,0,34
stu_238,0,1,38
stu_238,4,1,41
stu_238,6,1,47
stu_238,5,1,51
stu_238,3,1,56
stu_238,8,0,59
stu_238,7,1,62
stu_238,8,0,64
stu_238,2,0,66
stu_238,2,1,71
stu_238,8,0,74
stu_238,8,0,80
stu_238,8,1,83
stu_239,4,1,28
stu_239,9,0,31
stu_239,6,1,37
stu_239,3,1,40
stu_239,9,0,46
stu_239,9,0,51
stu_239,1,0,56
stu_239,8,0,61
stu_239,0,1,67
stu_239,5,1,69
stu_239,9,0,75
stu_239,7,0,78
stu_239,1,1,84
stu_239,9,1,90
stu_241,7,1,31
stu_241,5,0,36
stu_241,8,1,41
stu_241,0,1,45
stu_241,9,1,50
stu_241,3,1,54
stu_241,6,1,60
stu_241,2,0,64
stu_241,1,1,70
stu_241,4,1,72
stu_241,5,0,77
stu_241,5,1,79
stu_241,2,0,83
stu_241,2,0,89
stu_241,2,0,91
stu_241,2,0,97
stu_242,1,1,33
stu_242,4,1,36
stu_242,0,1,38
stu_242,5,1,40
stu_242,8,0,45
stu_242,9,0,47
stu_242,8,0,52
stu_242,2,1,57
stu_242,8,0,63
stu_242,3,1,66
stu_242,6,1,68
stu_242,7,1,70
stu_242,8,1,74
stu_242,9,1,77
stu_243,1,1,28
stu_243,5,1,32
stu_243,7,1,36
stu_243,6,1,39
stu_243,8,1,45
stu_243,3,1,47
stu_243,4,1,52
stu_243,0,1,57
stu_243,9,1,60
stu_243,2,1,63
stu_244,3,1,27
stu_244,0,1,30
stu_244,7,1,36
stu_244,8,1,41
stu_244,6,1,46
stu_244,2,0,51
stu_244,1,1,53
stu_244,2,0,57
stu_244,9,1,61
stu_244,2,1,65
stu_244,4,1,68
stu_244,5,1,72
stu_246,9,0,12
stu_246,3,0,17
stu_246,4,1,22
stu_246,9,0,24
stu_246,0,0,28
stu_246,0,1,32
stu_246,9,0,35
stu_246,1,1,38
stu_246,9,0,41
stu_246,9,0,47
stu_246,6,1,53
stu_246,5,1,58
stu_246,9,0,63
stu_246,9,0,65
stu_246,3,1,69
stu_246,7,1,72
stu_246,2,1,78
stu_246,8,1,83
stu_246,9,0,86
stu_246,9,1,91
stu_247,8,1,24
stu_247,9,1,26
stu_247,6,1,29
stu_247,7,1,31
stu_247,3,1,36
stu_247,4,1,42
stu_247,2,1,46
stu_247,0,1,51
stu_247,1,0,57
stu_247,1,1,62
stu_247,5,0,68
stu_247,5,1,71
stu_248,7,0,14
stu_248,9,0,16
stu_248,9,0,20
stu_248,3,0,25
stu_248,1,1,29
stu_248,9,0,31
stu_248,8,1,33
stu_248,9,1,38
stu_248,5,1,40
stu_248,3,1,45
stu_248,2,1,49
stu_248,4,1,51
stu_248,6,0,54
stu_248,7,1,60
stu_248,6,0,63
stu_248,6,1,68
stu_248,0,1,73
stu_249,7,1,27
stu_249,3,1,29
stu_249,2,0,34
stu_249,2,0,39
stu_249,5,1,45
stu_249,4,1,50
stu_249,2,1,54
stu_249,9,0,58
stu_249,8,1,63
stu_249,6,0,66
stu_249,9,0,72
stu_251,0,0,7
stu_251,2,1,13
stu_251,6,1,15
stu_251,0,1,20
stu_251,7,1,23
stu_251,3,1,28
stu_251,8,1,33
stu_251,5,1,36
stu_251,1,1,39
stu_251,9,0,42
stu_251,4,0,45
stu_251,4,1,49
stu_251,9,0,53
stu_252,4,1,31
stu_252,0,0,37
stu_252,7,1,40
stu_252,5,1,46
stu_252,0,1,49
stu_252,8,1,52
stu_252,6,1,56
stu_252,2,0,61
stu_252,3,1,67
stu_252,2,1,73
stu_252,9,0,77
stu_252,1,1,83
stu_252,9,0,87
stu_252,9,1,90
stu_253,1,1,8
stu_253,4,1,12
stu_253,2,1,16
stu_253,8,1,22
stu_253,6,1,28
stu_253,0,1,33
stu_253,5,1,38
stu_253,3,1,41
stu_253,9,0,46
stu_253,9,0,52
stu_253,7,1,55
stu_253,9,0,57
stu_253,9,1,63
stu_254,1,1,32
stu_254,0,1,36
stu_254,8,1,38
stu_254,6,0,40
stu_254,6,1,42
stu_254,4,1,45
stu_254,3,1,50
stu_254,7,1,55
stu_254,9,0,61
stu_254,9,0,66
stu_254,2,0,68
stu_254,2,0,70
stu_254,9,0,72
stu_254,5,1,77
stu_254,2,0,83
stu_254,2,0,85
stu_254,9,0,90
stu_254,9,0,95
stu_254,2,0,97
stu_254,9,1,102
stu_256,6,1,32
stu_256,2,0,37
stu_256,7,1,39
stu_256,0,1,43
stu_256,8,1,49
stu_256,4,1,55
stu_256,1,1,59
stu_256,9,0,65
stu_256,2,1,69
stu_256,5,0,72
stu_256,3,1,75
stu_256,9,1,79
stu_256,5,1,84
stu_257,7,1,26
stu_257,9,0,29
stu_257,4,1,32
stu_257,5,1,37
stu_257,2,1,43
stu_257,1,1,46
stu_257,3,1,48
stu_257,6,1,52
stu_257,9,0,55
stu_257,8,0,58
stu_257,8,0,64
stu_257,0,0,68
stu_257,8,0,73
stu_257,0,0,78
stu_257,9,0,83
stu_257,8,0,85
stu_257,8,1,91
stu_257,9,0,94
stu_257,0,1,99
stu_257,9,1,102
stu_258,5,1,11
stu_258,1,1,14
stu_258,7,1,20
stu_258,9,1,24
stu_258,2,0,27
stu_258,2,0,33
stu_258,6,1,35
stu_258,2,1,40
stu_258,0,1,46
stu_258,3,1,50
stu_258,4,1,53
stu_258,8,1,58
stu_259,4,1,30
stu_259,3,1,36
stu_259,2,0,39
stu_259,9,0,44
stu_259,5,1,47
stu_259,1,0,50
stu_259,2,0,55
stu_259,8,0,59
stu_259,6,0,62
stu_259,0,1,68
stu_259,9,1,74
stu_259,8,1,76
stu_259,6,1,78
stu_259,7,1,83
stu_259,2,0,85
stu_259,2,0,90
stu_259,1,0,92
stu_259,2,0,94
stu_259,1,0,100
stu_259,1,1,105
stu_259,2,0,107
stu_259,2,1,112
stu_261,1,1,6
stu_261,5,0,9
stu_261,8,0,12
stu_261,4,1,14
stu_261,7,0,19
stu_261,6,0,22
stu_261,2,0,28
stu_261,2,0,34
stu_261,3,1,40
stu_261,5,1,45
stu_261,7,1,47
stu_261,8,1,52
stu_261,2,1,54
stu_261,0,1,60
stu_262,0,1,25
stu_262,7,0,27
stu_262,4,1,31
stu_262,7,0,37
stu_262,6,0,43
stu_262,6,1,46
stu_262,2,0,48
stu_262,7,1,53
stu_262,5,1,55
stu_262,8,1,61
stu_262,9,0,67
stu_262,9,1,69
stu_262,2,1,73
stu_262,1,1,78
stu_262,3,1,83
stu_263,0,1,11
stu_263,1,1,14
stu_263,5,1,17
stu_263,7,1,22
stu_263,2,0,26
stu_263,3,1,28
stu_263,4,1,30
stu_263,9,1,32
stu_263,8,1,35
stu_263,6,1,37
stu_263,2,1,43
stu_264,2,1,17
stu_264,9,1,23
stu_264,4,1,27
stu_264,6,1,29
stu_264,7,1,35
stu_264,3,1,38
stu_264,0,1,42
stu_264,5,1,47
stu_264,1,0,53
stu_264,1,1,58
stu_264,8,1,63
stu_266,2,1,19
stu_266,1,1,23
stu_266,5,1,29
stu_266,8,0,32
stu_266,3,1,37
stu_266,4,1,42
stu_266,0,1,45
stu_266,7,1,49
stu_266,6,0,54
stu_266,9,1,58
stu_266,6,1,63
stu_266,8,1,69
stu_267,5,1,10
stu_267,1,1,16
stu_267,4,0,21
stu_267,4,0,25
stu_267,4,0,28
stu_267,3,0,30
stu_267,4,1,34
stu_267,6,0,36
stu_267,2,1,41
stu_267,6,0,43
stu_267,7,0,45
stu_267,7,0,50
stu_267,6,0,55
stu_267,8,1,60
stu_267,3,1,66
stu_267,0,1,71
stu_267,9,1,74
stu_267,6,1,76
stu_267,7,1,79
stu_268,7,1,16
stu_268,5,1,20
stu_268,1,1,25
stu_268,6,1,31
stu_268,4,0,33
stu_268,2,0,36
stu_268,4,1,41
stu_268,2,0,44
stu_268,9,0,49
stu_268,3,0,51
stu_268,9,0,55
stu_268,8,0,61
stu_268,9,0,63
stu_268,0,1,67
stu_268,8,1,69
stu_268,3,1,73
stu_268,9,0,78
stu_268,2,0,83
stu_268,2,0,86
stu_268,9,1,92
stu_268,2,1,94
stu_269,1,1,15
stu_269,5,1,21
stu_269,8,1,26
stu_269,4,1,32
stu_269,6,1,38
stu_269,2,1,41
stu_269,7,1,45
stu_269,9,0,49
stu_269,3,1,53
stu_269,9,1,58
stu_269,0,1,62
stu_271,7,1,20
stu_271,0,1,24
stu_271,2,0,26
stu_271,6,1,31
stu_271,1,1,35
stu_271,2,1,37
stu_271,3,1,43
stu_271,8,1,47
stu_271,9,0,50
stu_271,4,1,55
stu_271,5,0,61
stu_271,9,0,66
stu_271,9,0,68
stu_271,9,0,74
stu_271,5,1,80
stu_272,7,1,33
stu_272,4,1,36
stu_272,1,1,40
stu_272,6,1,46
stu_272,0,1,51
stu_272,5,1,57
stu_272,3,1,61
stu_272,2,1,65
stu_272,8,0,67
stu_272,8,1,72
stu_272,9,1,78
stu_273,1,1,14
stu_273,4,1,16
stu_273,7,1,21
stu_273,6,1,27
stu_273,8,1,30
stu_273,2,0,35
stu_273,5,1,38
stu_273,2,1,41
stu_273,3,1,46
stu_273,0,1,52
stu_273,9,0,58
stu_273,9,0,63
stu_273,9,0,66
stu_273,9,1,68
stu_274,3,1,12
stu_274,7,1,14
stu_274,8,1,17
stu_274,5,1,20
stu_274,6,1,26
stu_274,2,1,28
stu_274,9,1,34
stu_274,1,1,40
stu_274,0,1,43
stu_274,4,1,47
stu_276,1,1,28
stu_276,3,0,34
stu_276,2,0,39
stu_276,2,1,42
stu_276,5,1,46
stu_276,7,1,51
stu_276,4,1,55
stu_276,3,1,58
stu_276,6,0,62
stu_276,6,0,68
stu_276,9,0,72
stu_276,9,0,76
stu_276,8,1,80
stu_276,9,1,82
stu_276,6,1,87
stu_276,0,1,92
stu_277,1,1,11
stu_277,0,1,13
stu_277,5,1,15
stu_277,8,1,19
stu_277,6,1,24
stu_277,3,0,29
stu_277,9,0,34
stu_277,7,0,39
stu_277,7,1,45
stu_277,9,1,49
stu_277,4,1,55
stu_277,3,0,59
stu_277,2,0,64
stu_277,3,1,68
stu_277,2,1,74
stu_278,1,1,12
stu_278,8,1,14
stu_278,3,1,19
stu_278,5,1,24
stu_278,9,0,28
stu_278,0,0,31
stu_278,2,1,33
stu_278,6,1,35
stu_278,7,1,39
stu_278,9,1,43
stu_278,4,1,45
stu_278,0,1,48
stu_279,7,1,11
stu_279,1,1,17
stu_279,0,0,22
stu_279,3,1,27
stu_279,0,0,31
stu_279,0,1,35
stu_279,9,0,39
stu_279,9,0,41
stu_279,5,1,46
stu_279,2,1,50
stu_279,4,1,52
stu_279,8,1,58
stu_279,9,1,62
stu_281,9,1,25
stu_281,0,1,28
stu_281,7,1,32
stu_281,8,1,34
stu_281,6,1,37
stu_281,4,1,42
stu_281,5,0,45
stu_281,2,0,49
stu_281,2,0,53
stu_281,3,1,57
stu_281,1,1,59
stu_281,5,1,64
stu_281,2,0,67
stu_282,8,1,8
stu_282,3,1,12
stu_282,0,1,16
stu_282,1,1,20
stu_282,4,1,26
stu_282,2,0,31
stu_282,9,0,33
stu_282,9,1,37
stu_282,5,1,40
stu_282,6,1,44
stu_282,7,0,50
stu_282,2,1,56
stu_282,7,1,60
stu_283,7,1,22
stu_283,8,1,26
stu_283,0,1,30
stu_283,1,1,35
stu_283,6,1,40
stu_283,4,1,46
stu_283,9,0,48
stu_283,9,1,51
stu_283,3,1,55
stu_283,2,1,58
stu_283,5,1,60
stu_284,6,1,13
stu_284,1,1,18
stu_284,5,1,24
stu_284,2,1,26
stu_284,4,1,29
stu_284,0,1,31
stu_284,7,1,33
stu_284,8,0,35
stu_284,8,1,38
stu_284,9,0,44
stu_284,3,0,50
stu_284,9,0,54
stu_284,9,0,60
stu_284,3,1,62
stu_284,9,0,67
stu_284,9,0,69
stu_284,9,0,75
stu_284,9,0,79
stu_284,9,1,84
stu_286,9,1,10
stu_286,7,1,16
stu_286,1,1,20
stu_286,6,1,25
stu_286,3,1,30
stu_286,8,1,32
stu_286,5,1,38
stu_286,2,1,43
stu_286,0,1,45
stu_286,4,0,49
stu_286,4,0,54
stu_286,4,0,56
stu_286,4,1,58
stu_287,2,1,18
stu_287,5,0,22
stu_287,8,1,27
stu_287,6,1,31
stu_287,7,1,36
stu_287,4,1,42
stu_287,1,1,45
stu_287,3,1,48
stu_287,0,0,54
stu_287,0,0,60
stu_287,9,0,63
stu_287,9,0,65
stu_287,0,0,71
stu_287,5,1,76
stu_287,9,0,79
stu_287,0,1,83
stu_287,9,0,89
stu_287,9,1,91
stu_288,0,1,23
stu_288,2,1,29
stu_288,9,1,31
stu_288,3,1,34
stu_288,8,1,39
stu_288,6,0,43
stu_288,6,0,48
stu_288,1,0,52
stu_288,5,1,55
stu_288,6,1,61
stu_288,7,0,64
stu_288,1,1,68
stu_288,7,1,73
stu_288,4,0,77
stu_288,4,0,81
stu_288,4,1,84
stu_289,1,1,12
stu_289,7,1,17
stu_289,4,0,23
stu_289,8,1,26
stu_289,4,1,30
stu_289,0,1,34
stu_289,9,1,37
stu_289,5,1,39
stu_289,3,1,42
stu_289,2,1,48
stu_289,6,0,50
stu_289,6,0,53
stu_289,6,0,59
stu_289,6,1,65
stu_291,8,1,20
stu_291,3,1,26
stu_291,2,1,28
stu_291,5,1,30
stu_291,0,1,33
stu_291,9,1,38
stu_291,1,1,43
stu_291,4,1,46
stu_291,7,1,48
stu_291,6,1,54
stu_292,9,1,6
stu_292,0,1,11
stu_292,8,1,15
stu_292,1,0,19
stu_292,6,0,25
stu_292,7,1,28
stu_292,5,1,30
stu_292,3,1,36
stu_292,4,1,40
stu_292,2,1,42
stu_292,1,1,45
stu_292,6,1,50
stu_293,2,1,19
stu_293,8,1,23
stu_293,4,1,25
stu_293,3,0,30
stu_293,7,1,35
stu_293,6,0,38
stu_293,5,1,41
stu_293,6,1,43
stu_293,9,1,47
stu_293,3,1,52
stu_293,1,1,55
stu_293,0,1,59
stu_294,0,1,8
stu_294,5,1,13
stu_294,2,1,15
stu_294,9,1,18
stu_294,7,1,20
stu_294,8,1,23
stu_294,3,1,25
stu_294,6,0,28
stu_294,1,1,33
stu_294,4,1,39
stu_294,6,0,43
stu_294,6,0,48
stu_294,6,0,52
stu_294,6,1,58
stu_296,9,1,6
stu_296,1,1,9
stu_296,5,1,13
stu_296,7,1,17
stu_296,8,1,19
stu_296,2,0,22
stu_296,2,1,28
stu_296,4,0,34
stu_296,0,1,38
stu_296,4,1,43
stu_296,3,1,47
stu_296,6,1,50
stu_297,1,1,32
stu_297,4,1,37
stu_297,6,1,39
stu_297,2,1,41
stu_297,5,1,47
stu_297,3,1,49
stu_297,0,1,52
stu_297,7,1,56
stu_297,8,1,62
stu_297,9,0,67
stu_297,9,0,69
stu_297,9,1,74
stu_298,5,0,11
stu_298,7,0,13
stu_298,1,1,18
stu_298,6,1,21
stu_298,0,1,27
stu_298,9,0,29
stu_298,9,1,35
stu_298,4,1,38
stu_298,2,1,42
stu_298,3,1,45
stu_298,7,1,48
stu_298,8,1,51
stu_298,5,1,54
stu_299,4,0,25
stu_299,9,0,30
stu_299,2,1,33
stu_299,7,0,36
stu_299,3,0,41
stu_299,6,0,46
stu_299,7,0,51
stu_299,4,1,57
stu_299,5,0,59
stu_299,6,0,64
stu_299,3,0,66
stu_299,9,1,68
stu_299,7,1,72
stu_299,1,1,77
stu_299,8,1,82
stu_299,6,0,84
stu_299,6,1,89
stu_299,5,1,92
stu_299,0,1,97
stu_301,3,1,9
stu_301,2,0,15
stu_301,9,1,20
stu_301,0,1,26
stu_301,7,1,30
stu_301,2,0,36
stu_301,4,0,40
stu_301,2,0,44
stu_301,2,0,48
stu_301,1,1,50
stu_301,2,0,53
stu_301,4,1,56
stu_301,8,0,58
stu_301,6,0,63
stu_301,5,0,66
stu_301,6,1,71
stu_301,8,1,74
stu_301,2,0,76
stu_301,5,1,79
stu_302,8,1,30
stu_302,2,1,35
stu_302,1,1,39
stu_302,7,1,43
stu_302,9,1,48
stu_302,3,1,52
stu_302,4,1,55
stu_302,5,0,57
stu_302,0,1,61
stu_302,5,0,67
stu_303,8,1,8
stu_303,6,1,14
stu_303,2,0,19
stu_303,5,1,22
stu_303,7,0,27
stu_303,0,1,29
stu_303,9,0,33
stu_303,1,1,36
stu_303,2,1,38
stu_303,7,1,43
stu_303,4,1,49
stu_303,9,0,53
stu_303,9,0,58
stu_303,9,0,64
stu_303,9,0,66
stu_303,3,1,69
stu_303,9,1,72
stu_304,0,1,7
stu_304,1,1,10
stu_304,9,1,15
stu_304,3,1,21
stu_304,4,1,26
stu_304,2,0,29
stu_304,2,0,34
stu_304,8,1,37
stu_304,7,1,41
stu_304,5,1,45
stu_304,6,1,51
stu_304,2,0,57
stu_304,2,0,61
stu_306,4,1,29
stu_306,0,1,34
stu_306,3,1,37
stu_306,7,1,39
stu_306,2,1,45
stu_306,9,0,49
stu_306,5,1,51
stu_306,8,0,56
stu_306,6,0,58
stu_306,9,1,60
stu_306,6,1,66
stu_306,8,1,69
stu_306,1,1,72
stu_307,5,1,19
stu_307,7,0,21
stu_307,6,0,25
stu_307,6,1,28
stu_307,8,1,32
stu_307,4,0,35
stu_307,4,0,40
stu_307,0,1,44
stu_307,9,0,47
stu_307,4,0,53
stu_307,1,1,59
stu_307,2,1,62
stu_307,7,1,65
stu_307,9,0,70
stu_307,9,1,76
stu_308,4,1,9
stu_308,8,1,12
stu_308,1,1,14
stu_308,5,1,20
stu_308,9,0,25
stu_308,6,1,28
stu_308,0,1,32
stu_308,7,1,37
stu_308,3,1,42
stu_308,9,0,46
stu_308,9,0,52
stu_309,4,1,15
stu_309,3,1,21
stu_309,8,1,24
stu_309,1,1,30
stu_309,5,1,33
stu_309,6,0,36
stu_309,0,1,41
stu_309,6,1,46
stu_309,9,0,48
stu_309,7,0,53
stu_309,2,1,56
stu_309,7,1,59
stu_309,9,1,64
stu_311,1,1,19
stu_311,7,1,23
stu_311,6,1,25
stu_311,9,1,31
stu_311,3,1,33
stu_311,0,0,36
stu_311,2,1,40
stu_311,5,1,43
stu_311,0,1,49
stu_311,4,1,53
stu_311,8,1,57
stu_312,6,1,26
stu_312,4,1,31
stu_312,8,1,33
stu_312,5,1,39
stu_312,3,1,45
stu_312,0,1,47
stu_312,1,1,49
stu_312,7,1,55
stu_312,2,1,59
stu_312,9,0,63
stu_312,9,0,67
stu_312,9,0,69
stu_312,9,0,74
stu_312,9,0,78
stu_312,9,0,84
stu_312,9,0,87
stu_312,9,0,89
stu_312,9,1,91
stu_313,9,1,9
stu_313,7,1,12
stu_313,8,1,15
stu_313,5,1,19
stu_313,1,1,22
stu_313,2,0,25
stu_313,3,1,31
stu_313,0,0,34
stu_313,0,1,36
stu_313,2,1,41
stu_313,6,1,44
stu_313,4,1,48
stu_314,6,1,19
stu_314,8,1,25
stu_314,3,0,28
stu_314,5,0,31
stu_314,7,0,37
stu_314,4,1,41
stu_314,0,1,45
stu_314,1,1,47
stu_314,5,1,53
stu_314,9,1,55
stu_314,2,1,58
stu_316,6,1,6
stu_316,4,0,10
stu_316,9,0,14
stu_316,1,1,19
stu_316,5,1,24
stu_316,7,1,26
stu_316,9,1,28
stu_316,8,1,34
stu_316,4,1,36
stu_316,0,0,38
stu_316,0,1,42
stu_316,2,0,47
stu_316,3,1,51
stu_316,2,1,56
stu_317,1,1,8
stu_317,4,1,10
stu_317,8,1,12
stu_317,3,1,15
stu_317,0,1,20
stu_317,7,1,23
stu_317,9,0,29
stu_317,9,0,34
stu_317,5,1,39
stu_317,6,1,42
stu_318,2,0,7
stu_318,4,1,9
stu_318,9,0,11
stu_318,0,0,16
stu_318,2,1,20
stu_318,0,1,26
stu_318,1,1,28
stu_318,9,0,33
stu_318,5,0,35
stu_318,3,1,40
stu_318,5,0,42
stu_318,8,1,46
stu_318,5,1,49
stu_318,7,1,51
stu_318,9,0,54
stu_318,9,1,57
stu_318,6,1,61
stu_319,0,1,6
stu_319,3,1,9
stu_319,2,0,11
stu_319,4,1,14
stu_319,6,1,16
stu_319,1,1,22
stu_319,5,0,24
stu_319,7,1,30
stu_319,5,1,33
stu_319,2,1,35
stu_319,8,0,37
stu_319,9,0,41
stu_319,9,0,43
stu_319,9,1,47
stu_319,8,1,51
stu_321,2,1,18
stu_321,4,1,21
stu_321,3,1,24
stu_321,6,0,29
stu_321,8,1,33
stu_321,0,1,37
stu_321,7,0,43
stu_321,1,1,48
stu_321,7,1,54
stu_321,9,0,58
stu_321,6,0,62
stu_321,5,1,68
stu_321,9,0,70
stu_321,6,1,75
stu_321,9,1,77
stu_322,4,1,21
stu_322,8,1,27
stu_322,7,1,32
stu_322,5,0,34
stu_322,1,1,40
stu_322,9,0,44
stu_322,6,1,46
stu_322,3,1,49
stu_322,2,1,51
stu_322,5,1,54
stu_322,0,1,56
stu_322,9,1,60
stu_323,1,1,16
stu_323,2,1,19
stu_323,5,1,25
stu_323,6,0,27
stu_323,9,0,32
stu_323,6,1,35
stu_323,9,1,37
stu_323,7,1,40
stu_323,3,1,44
stu_323,8,1,49
stu_323,4,1,54
stu_323,0,0,59
stu_324,5,1,25
stu_324,6,1,27
stu_324,4,1,32
stu_324,0,1,37
stu_324,1,1,39
stu_324,9,0,43
stu_324,2,0,46
stu_324,9,0,51
stu_324,9,0,56
stu_324,8,1,58
stu_324,3,1,62
stu_324,7,1,64
stu_324,9,1,67
stu_324,2,1,72
stu_326,0,1,17
stu_326,1,1,19
stu_326,7,1,25
stu_326,6,1,28
stu_326,3,1,33
stu_326,9,0,38
stu_326,8,1,42
stu_326,2,1,48
stu_326,5,1,50
stu_326,4,1,55
stu_326,9,1,57
stu_327,7,1,34
stu_327,3,1,38
stu_327,2,0,43
stu_327,5,1,49
stu_327,6,1,54
stu_327,0,1,59
stu_327,1,1,65
stu_327,2,0,68
stu_327,8,0,72
stu_327,8,0,75
stu_327,8,1,78
stu_327,2,0,80
stu_327,9,1,84
stu_327,4,1,88
stu_327,2,1,90
stu_328,9,1,9
stu_328,2,1,14
stu_328,0,1,19
stu_328,8,1,21
stu_328,4,1,23
stu_328,1,1,28
stu_328,6,1,32
stu_328,7,0,34
stu_328,5,1,37
stu_328,3,1,39
stu_328,7,1,44
stu_329,3,0,34
stu_329,1,1,38
stu_329,7,1,40
stu_329,5,1,45
stu_329,4,1,51
stu_329,0,0,53
stu_329,6,1,59
stu_329,8,0,63
stu_329,2,1,66
stu_329,9,1,72
stu_329,0,1,75
stu_329,8,1,81
stu_329,3,1,84
stu_331,6,0,28
stu_331,0,1,34
stu_331,6,1,40
stu_331,7,1,45
stu_331,8,1,50
stu_331,2,1,56
stu_331,5,1,59
stu_331,9,0,65
stu_331,4,0,69
stu_331,4,1,71
stu_331,9,0,73
stu_331,1,1,78
stu_331,9,0,80
stu_331,9,0,82
stu_331,3,1,86
stu_331,9,0,90
stu_332,6,1,16
stu_332,8,1,19
stu_332,2,1,22
stu_332,7,1,27
stu_332,9,1,29
stu_332,0,1,31
stu_332,3,1,36
stu_332,5,1,42
stu_332,1,1,48
stu_332,4,1,52
stu_333,6,1,10
stu_333,3,1,13
stu_333,4,1,18
stu_333,8,1,24
stu_333,1,1,27
stu_333,2,0,32
stu_333,2,0,36
stu_333,9,1,40
stu_333,7,1,45
stu_333,5,1,49
stu_333,2,1,54
stu_333,0,0,56
stu_333,0,1,59
stu_334,1,1,17
stu_334,8,1,23
stu_334,0,1,25
stu_334,3,1,31
stu_334,7,1,34
stu_334,2,1,40
stu_334,9,0,44
stu_334,6,1,47
stu_334,5,1,50
stu_334,4,0,54
stu_334,9,0,60
stu_334,9,0,64
stu_334,9,0,67
stu_336,5,1,9
stu_336,6,1,13
stu_336,2,0,17
stu_336,3,0,19
stu_336,7,0,21
stu_336,2,0,26
stu_336,8,1,28
stu_336,4,1,31
stu_336,9,0,36
stu_336,9,0,38
stu_336,2,0,40
stu_336,3,1,43
stu_336,1,1,47
stu_336,0,1,51
stu_336,7,1,53
stu_336,2,0,59
stu_336,9,0,65
stu_336,9,0,67
stu_336,2,1,72
stu_336,9,0,76
stu_336,9,0,79
stu_336,9,0,82
stu_337,2,1,25
stu_337,8,0,30
stu_337,3,1,32
stu_337,5,1,36
stu_337,8,1,40
stu_337,0,1,46
stu_337,9,0,50
stu_337,4,1,52
stu_337,7,1,54
stu_337,6,0,59
stu_337,9,0,65
stu_337,9,0,67
stu_337,9,1,72
stu_337,6,0,78
stu_337,1,1,81
stu_337,6,1,83
stu_338,5,1,3
stu_338,8,1,7
stu_338,9,1,12
stu_338,7,1,15
stu_338,1,1,19
stu_338,4,1,23
stu_338,6,1,29
stu_338,2,0,35
stu_338,3,1,37
stu_338,0,0,40
stu_338,2,0,42
stu_338,0,1,48
stu_338,2,1,51
stu_339,8,1,30
stu_339,3,1,33
stu_339,9,0,39
stu_339,6,1,45
stu_339,0,1,47
stu_339,4,0,49
stu_339,4,1,51
stu_339,9,1,57
stu_339,7,0,61
stu_339,5,0,67
stu_339,1,1,70
stu_339,7,0,73
stu_339,2,0,79
stu_339,7,1,84
stu_339,5,0,89
stu_339,5,1,94
stu_339,2,0,96
stu_341,0,0,7
stu_341,2,1,11
stu_341,8,0,14
stu_341,0,1,19
stu_341,3,1,23
stu_341,9,1,25
stu_341,4,1,29
stu_341,6,1,34
stu_341,1,1,36
stu_341,8,1,38
stu_342,9,1,8
stu_342,2,1,14
stu_342,1,1,19
stu_342,4,1,25
stu_342,7,1,30
stu_342,0,1,33
stu_342,3,0,37
stu_342,8,0,39
stu_342,8,0,44
stu_342,8,0,47
stu_342,5,1,49
stu_342,8,0,55
stu_343,0,1,13
stu_343,7,1,17
stu_343,9,0,22
stu_343,5,0,24
stu_343,2,1,28
stu_343,4,1,31
stu_343,8,1,35
stu_343,6,1,40
stu_343,5,1,46
stu_343,1,1,51
stu_343,3,1,55
stu_343,9,0,57
stu_343,9,0,62
stu_343,9,0,68
stu_343,9,0,70
stu_343,9,1,75
stu_344,2,1,27
stu_344,5,1,31
stu_344,7,1,33
stu_344,1,1,37
stu_344,9,1,40
stu_344,3,1,45
stu_344,6,1,47
stu_344,8,1,52
stu_344,4,1,54
stu_344,0,0,58
stu_344,0,1,63
stu_346,8,0,21
stu_346,9,1,27
stu_346,8,0,33
stu_346,8,1,37
stu_346,4,1,39
stu_346,3,1,43
stu_346,2,1,45
stu_346,5,1,50
stu_346,1,1,55
stu_346,0,1,59
stu_346,7,1,64
stu_346,6,1,70
stu_347,9,1,24
stu_347,0,1,26
stu_347,1,1,28
stu_347,4,1,32
stu_347,3,1,38
stu_347,5,1,44
stu_347,6,0,50
stu_347,7,0,55
stu_347,7,0,61
stu_347,2,0,66
stu_347,2,1,69
stu_347,7,1,71
stu_347,8,1,73
stu_347,6,1,77
stu_348,9,1,21
stu_348,7,1,23
stu_348,5,1,25
stu_348,3,1,31
stu_348,4,1,36
stu_348,2,0,39
stu_348,1,1,44
stu_348,8,1,49
stu_348,6,0,51
stu_348,6,1,53
stu_348,0,1,59
stu_348,2,0,65
stu_348,2,0,70
stu_348,2,1,75
stu_349,6,1,12
stu_349,3,1,16
stu_349,9,0,22
stu_349,9,0,24
stu_349,2,0,26
stu_349,2,0,30
stu_349,8,1,36
stu_349,9,0,38
stu_349,1,1,40
stu_349,5,0,46
stu_349,2,0,52
stu_349,4,1,54
stu_349,5,1,60
stu_349,2,0,63
stu_349,7,0,66
stu_349,7,1,68
stu_349,9,1,72
stu_349,0,1,74
stu_349,2,1,77
stu_351,4,1,24
stu_351,9,1,26
stu_351,7,1,32
stu_351,1,1,34
stu_351,5,0,40
stu_351,3,0,46
stu_351,8,1,52
stu_351,6,1,57
stu_351,3,1,61
stu_351,5,0,66
stu_351,5,1,68
stu_351,2,0,73
stu_351,0,0,76
stu_352,4,1,23
stu_352,2,0,29
stu_352,2,1,33
stu_352,7,1,39
stu_352,6,1,44
stu_352,3,1,50
stu_352,9,1,55
stu_352,0,0,60
stu_352,5,1,65
stu_352,8,1,69
stu_352,1,1,72
stu_352,0,1,75
stu_353,9,1,23
stu_353,5,1,28
stu_353,4,1,34
stu_353,2,1,37
stu_353,0,1,41
stu_353,1,1,45
stu_353,7,0,51
stu_353,3,1,56
stu_353,6,1,58
stu_353,7,1,64
stu_354,0,1,25
stu_354,8,1,29
stu_354,3,1,31
stu_354,9,1,33
stu_354,7,1,37
stu_354,5,1,43
stu_354,6,0,45
stu_354,1,1,47
stu_354,2,1,51
stu_354,6,0,55
stu_354,4,0,61
stu_354,4,0,66
stu_354,6,0,72
stu_356,6,1,6
stu_356,3,1,8
stu_356,7,1,14
stu_356,8,1,20
stu_356,5,1,22
stu_356,0,1,26
stu_356,9,0,31
stu_356,1,1,34
stu_356,2,0,40
stu_356,2,1,44
stu_356,9,1,49
stu_356,4,1,52
stu_357,3,1,17
stu_357,0,1,21
stu_357,2,1,27
stu_357,8,1,30
stu_357,7,1,33
stu_357,6,1,36
stu_357,4,0,42
stu_357,5,1,47
stu_357,4,0,50
stu_357,4,1,56
stu_357,9,0,60
stu_357,1,0,63
stu_357,9,0,68
stu_357,1,1,74
stu_357,9,0,76
stu_357,9,0,78
stu_357,9,0,81
stu_357,9,0,86
stu_357,9,0,91
stu_357,9,0,96
stu_357,9,0,100
stu_357,9,1,106
stu_358,0,1,16
stu_358,4,1,20
stu_358,3,1,25
stu_358,7,1,29
stu_358,9,1,31
stu_358,5,1,34
stu_358,8,0,40
stu_358,1,0,44
stu_358,8,0,47
stu_358,8,0,52
stu_358,2,1,56
stu_358,8,1,60
stu_358,6,1,66
stu_358,1,1,70
stu_359,6,0,13
stu_359,2,1,18
stu_359,8,0,20
stu_359,8,0,25
stu_359,9,0,30
stu_359,1,1,34
stu_359,8,1,37
stu_359,5,1,39
stu_359,7,1,41
stu_359,0,1,43
stu_359,6,1,49
stu_359,4,1,51
stu_359,3,1,55
stu_359,9,0,59
stu_359,9,0,61
stu_359,9,0,66
stu_359,9,0,72
stu_359,9,1,74
stu_361,1,1,32
stu_361,8,1,38
stu_361,5,1,41
stu_361,2,1,44
stu_361,0,1,49
stu_361,3,1,51
stu_361,4,1,55
stu_361,6,0,58
stu_361,7,0,60
stu_361,6,0,62
stu_361,9,0,64
stu_361,9,1,70
stu_361,6,1,74
stu_361,7,1,78
stu_362,7,1,28
stu_362,4,1,31
stu_362,2,1,37
stu_362,5,1,39
stu_362,8,0,43
stu_362,6,1,45
stu_362,0,1,51
stu_362,9,0,55
stu_362,9,0,61
stu_362,8,0,64
stu_362,9,0,70
stu_362,8,0,72
stu_362,8,1,75
stu_362,3,0,77
stu_362,3,0,80
stu_362,9,0,82
stu_362,1,0,88
stu_362,9,0,90
stu_362,3,0,95
stu_362,9,0,101
stu_362,9,0,103
stu_363,1,1,22
stu_363,8,0,27
stu_363,5,1,30
stu_363,6,1,32
stu_363,7,0,35
stu_363,4,1,37
stu_363,3,1,40
stu_363,8,1,43
stu_363,2,1,45
stu_363,0,1,51
stu_363,9,0,54
stu_363,7,0,56
stu_363,7,1,58
stu_363,9,0,63
stu_363,9,0,66
stu_363,9,0,68
stu_364,9,0,20
stu_364,2,1,23
stu_364,6,1,25
stu_364,8,1,28
stu_364,1,1,34
stu_364,5,1,39
stu_364,4,1,41
stu_364,0,0,44
stu_364,7,1,47
stu_364,3,1,53
stu_364,9,1,55
stu_364,0,1,59
stu_366,4,1,25
stu_366,0,1,31
stu_366,6,1,35
stu_366,2,1,37
stu_366,3,1,40
stu_366,9,1,43
stu_366,5,1,48
stu_366,1,1,50
stu_366,8,0,56
stu_366,7,1,62
stu_366,8,0,67
stu_366,8,1,73
stu_367,4,1,6
stu_367,5,1,9
stu_367,8,1,12
stu_367,1,1,14
stu_367,2,1,19
stu_367,7,1,21
stu_367,6,1,26
stu_367,3,1,30
stu_367,0,1,36
stu_367,9,0,38
stu_367,9,0,40
stu_367,9,1,46
stu_368,9,1,31
stu_368,0,1,36
stu_368,1,1,42
stu_368,8,0,46
stu_368,8,1,51
stu_368,3,1,55
stu_368,6,1,59
stu_368,4,1,61
stu_368,2,1,66
stu_368,5,1,68
stu_368,7,1,71
stu_369,5,1,14
stu_369,3,1,20
stu_369,4,1,24
stu_369,9,0,29
stu_369,6,1,35
stu_369,7,1,40
stu_369,0,1,46
stu_369,1,1,49
stu_369,8,0,52
stu_369,8,1,55
stu_369,9,0,60
stu_371,6,1,11
stu_371,5,1,14
stu_371,2,0,18
stu_371,0,1,23
stu_371,9,1,27
stu_371,3,1,33
stu_371,2,1,37
stu_371,7,1,41
stu_371,8,0,45
stu_371,4,0,50
stu_371,1,0,53
stu_371,8,0,56
stu_371,4,1,59
stu_371,8,1,63
stu_371,1,1,68
stu_372,7,0,8
stu_372,3,1,10
stu_372,7,0,16
stu_372,4,0,22
stu_372,2,0,27
stu_372,9,0,33
stu_372,8,1,35
stu_372,4,1,40
stu_372,6,1,46
stu_372,0,1,52
stu_372,5,1,58
stu_372,1,1,64
stu_372,2,1,68
stu_372,9,1,74
stu_372,7,1,79
stu_373,1,1,13
stu_373,8,1,17
stu_373,6,0,19
stu_373,9,0,25
stu_373,2,0,31
stu_373,5,0,37
stu_373,5,0,43
stu_373,9,0,47
stu_373,2,0,52
stu_373,7,1,58
stu_373,6,0,64
stu_374,9,1,11
stu_374,7,1,17
stu_374,6,1,22
stu_374,8,1,25
stu_374,2,1,30
stu_374,4,1,32
stu_374,5,1,37
stu_374,1,1,42
stu_374,0,1,47
stu_374,3,0,52
stu_374,3,1,57
stu_376,6,0,17
stu_376,7,1,20
stu_376,1,1,23
stu_376,5,1,27
stu_376,6,1,30
stu_376,2,1,36
stu_376,9,0,40
stu_376,4,1,44
stu_376,8,0,49
stu_376,0,0,54
stu_376,8,0,58
stu_376,9,0,64
stu_376,8,0,69
stu_376,9,0,71
stu_376,0,0,76
stu_376,8,0,79
stu_376,0,0,83
stu_376,9,0,87
stu_376,8,0,91
stu_377,4,1,7
stu_377,7,1,10
stu_377,1,1,14
stu_377,8,1,19
stu_377,2,1,22
stu_377,0,1,28
stu_377,3,1,31
stu_377,6,1,34
stu_377,9,0,40
stu_377,9,0,45
stu_377,5,1,47
stu_377,9,0,53
stu_377,9,0,55
stu_377,9,0,61
stu_377,9,0,63
stu_377,9,0,68
stu_377,9,0,73
stu_377,9,0,79
stu_378,6,0,24
stu_378,9,0,26
stu_378,1,0,30
stu_378,9,0,33
stu_378,4,1,36
stu_378,5,1,40
stu_378,2,0,45
stu_378,0,1,49
stu_378,8,0,55
stu_378,8,0,61
stu_378,6,1,66
stu_378,2,0,71
stu_378,3,1,73
stu_378,8,0,76
stu_378,7,0,82
stu_378,2,0,87
stu_378,7,1,93
stu_378,2,1,99
stu_379,9,1,3
stu_379,0,1,7
stu_379,3,1,9
stu_379,7,0,11
stu_379,8,0,15
stu_379,8,1,19
stu_379,6,1,22
stu_379,1,0,24
stu_379,5,0,27
stu_379,5,1,32
stu_379,4,1,34
stu_379,7,1,36
stu_379,2,0,41
stu_379,1,1,47
stu_379,2,0,52
stu_379,2,1,58
stu_381,6,1,7
stu_381,1,1,13
stu_381,4,1,16
stu_381,2,0,18
stu_381,9,1,24
stu_381,8,1,29
stu_381,0,0,35
stu_381,7,1,39
stu_381,0,1,45
stu_381,2,1,51
stu_381,3,1,54
stu_381,5,0,59
stu_381,5,1,62
stu_382,0,1,21
stu_382,2,1,24
stu_382,5,1,27
stu_382,6,1,32
stu_382,4,1,36
stu_382,7,0,38
stu_382,9,1,42
stu_382,7,0,45
stu_382,8,1,49
stu_382,1,1,51
stu_382,7,1,54
stu_382,3,0,60
stu_382,3,1,66
stu_383,1,1,9
stu_383,8,1,14
stu_383,5,1,19
stu_383,3,1,24
stu_383,0,1,29
stu_383,7,1,31
stu_383,4,0,33
stu_383,9,1,38
stu_383,6,0,44
stu_383,4,0,47
stu_383,2,0,51
stu_383,4,0,57
stu_383,6,0,61
stu_383,2,0,65
stu_383,6,1,70
stu_383,2,0,76
stu_383,2,0,78
stu_383,2,0,81
stu_383,4,0,87
stu_383,2,0,89
stu_383,2,1,93
stu_383,4,0,95
stu_383,4,1,98
stu_384,8,1,29
stu_384,7,1,32
stu_384,1,1,34
stu_384,2,1,39
stu_384,3,0,44
stu_384,6,1,49
stu_384,3,1,54
stu_384,0,1,58
stu_384,4,1,60
stu_384,9,1,62
stu_384,5,0,66
stu_384,5,0,70
stu_384,5,1,74
stu_386,8,1,9
stu_386,0,1,14
stu_386,7,1,20
stu_386,2,0,23
stu_386,5,1,28
stu_386,1,1,31
stu_386,6,1,37
stu_386,4,0,40
stu_386,4,1,45
stu_386,2,0,50
stu_386,2,0,56
stu_386,3,1,61
stu_386,2,1,64
stu_386,9,1,66
stu_387,0,1,16
stu_387,6,0,19
stu_387,7,1,23
stu_387,6,1,26
stu_387,5,1,28
stu_387,4,1,32
stu_387,3,1,37
stu_387,8,1,39
stu_387,2,1,44
stu_387,1,1,48
stu_387,9,1,53
stu_388,6,1,29
stu_388,0,1,34
stu_388,9,0,40
stu_388,7,0,45
stu_388,7,0,47
stu_388,4,1,51
stu_388,8,0,54
stu_388,1,0,58
stu_388,3,1,64
stu_388,2,0,66
stu_388,5,0,71
stu_388,5,0,76
stu_388,5,1,82
stu_388,8,1,85
stu_388,2,1,90
stu_388,9,0,93
stu_388,7,1,99
stu_388,9,0,105
stu_388,9,0,111
stu_388,9,1,114
stu_388,1,1,119
stu_389,8,1,30
stu_389,1,1,33
stu_389,5,1,39
stu_389,6,1,43
stu_389,4,1,48
stu_389,2,0,51
stu_389,3,1,53
stu_389,0,1,58
stu_389,7,1,62
stu_389,2,0,64
stu_389,2,1,69
stu_389,9,0,73
stu_389,9,1,75
stu_391,7,1,11
stu_391,3,1,14
stu_391,9,1,20
stu_391,4,1,23
stu_391,1,0,29
stu_391,8,1,34
stu_391,0,1,39
stu_391,1,1,42
stu_391,6,1,48
stu_391,5,0,50
stu_391,2,0,53
stu_391,5,1,58
stu_391,2,0,61
stu_391,2,1,67
stu_392,3,1,14
stu_392,1,1,17
stu_392,4,1,23
stu_392,8,0,25
stu_392,7,1,30
stu_392,8,1,32
stu_392,6,1,37
stu_392,2,0,40
stu_392,2,1,45
stu_392,5,1,48
stu_392,0,1,50
stu_392,9,0,52
stu_392,9,1,57
stu_393,2,1,8
stu_393,9,0,11
stu_393,6,1,16
stu_393,0,1,20
stu_393,5,1,24
stu_393,7,1,28
stu_393,1,1,33
stu_393,8,1,37
stu_393,4,1,40
stu_393,3,0,42
stu_393,3,0,44
stu_393,3,0,48
stu_393,3,0,52
stu_393,3,1,54
stu_393,9,0,58
stu_393,9,0,63
stu_393,9,0,65
stu_394,6,0,18
stu_394,6,1,23
stu_394,7,0,26
stu_394,9,0,30
stu_394,0,0,32
stu_394,5,0,36
stu_394,3,0,42
stu_394,2,0,48
stu_394,8,0,53
stu_394,0,1,59
stu_394,5,0,65
stu_394,4,0,71
stu_394,5,0,76
stu_394,8,0,78
stu_394,3,1,83
stu_394,1,1,87
stu_394,7,0,89
stu_394,8,1,95
stu_394,4,0,100
stu_394,5,1,104
stu_394,7,1,107
stu_394,4,1,109
stu_394,2,1,111
stu_394,9,1,116
stu_396,5,1,19
stu_396,3,1,21
stu_396,8,1,23
stu_396,0,1,25
stu_396,7,1,30
stu_396,9,1,36
stu_396,1,1,41
stu_396,2,0,45
stu_396,6,0,47
stu_396,6,0,53
stu_396,2,1,59
stu_396,6,0,62
stu_396,4,1,66
stu_396,6,1,68
stu_397,0,1,24
stu_397,6,0,29
stu_397,6,0,33
stu_397,6,1,39
stu_397,4,1,43
stu_397,7,1,47
stu_397,1,1,50
stu_397,8,0,54
stu_397,5,0,57
stu_397,8,1,59
stu_397,3,1,64
stu_397,9,1,69
stu_397,2,1,73
stu_397,5,1,77
stu_398,4,1,20
stu_398,2,1,25
stu_398,1,1,29
stu_398,9,0,33
stu_398,9,0,35
stu_398,7,0,39
stu_398,6,0,43
stu_398,8,1,46
stu_398,0,1,48
stu_398,6,1,52
stu_398,9,0,56
stu_398,9,1,60
stu_398,5,1,63
stu_398,7,0,68
stu_398,3,1,73
stu_398,7,0,79
stu_398,7,1,83
stu_399,8,1,9
stu_399,2,1,15
stu_399,9,1,18
stu_399,7,1,23
stu_399,6,1,26
stu_399,5,1,30
stu_399,1,1,32
stu_399,4,1,38
stu_399,0,1,41
stu_399,3,1,43
stu_401,6,1,10
stu_401,1,1,13
stu_401,2,0,15
stu_401,9,0,21
stu_401,4,0,24
stu_401,2,0,26
stu_401,5,1,32
stu_401,9,0,37
stu_401,3,1,41
stu_401,8,0,44
stu_401,4,1,50
stu_401,2,0,54
stu_401,0,1,56
stu_401,8,1,62
stu_401,2,0,66
stu_401,7,1,68
stu_401,2,1,71
stu_402,6,1,15
stu_402,3,1,18
stu_402,4,0,20
stu_402,8,1,24
stu_402,4,1,30
stu_402,1,1,33
stu_402,9,1,39
stu_402,5,0,41
stu_402,2,0,46
stu_402,2,0,49
stu_402,5,1,53
stu_403,3,1,11
stu_403,8,1,13
stu_403,6,1,15
stu_403,4,1,20
stu_403,1,1,25
stu_403,9,0,27
stu_403,2,1,30
stu_403,5,1,32
stu_403,7,0,36
stu_403,0,1,40
stu_404,4,1,16
stu_404,7,1,21
stu_404,5,1,23
stu_404,9,1,28
stu_404,3,1,33
stu_404,1,1,38
stu_404,8,1,40
stu_404,0,1,46
stu_404,6,1,48
stu_404,2,1,53
stu_406,4,1,31
stu_406,9,1,37
stu_406,7,1,41
stu_406,6,1,45
stu_406,2,1,49
stu_406,8,1,54
stu_406,0,1,57
stu_406,5,0,62
stu_406,5,1,68
stu_406,1,1,71
stu_406,3,1,74
stu_407,8,1,20
stu_407,5,1,24
stu_407,7,1,28
stu_407,2,1,33
stu_407,0,1,35
stu_407,4,0,37
stu_407,1,1,40
stu_407,4,0,46
stu_407,9,0,52
stu_407,4,0,57
stu_407,4,1,59
stu_407,6,1,65
stu_407,3,1,67
stu_407,9,0,70
stu_407,9,0,76
stu_407,9,0,80
stu_407,9,1,85
stu_408,6,0,27
stu_408,1,1,31
stu_408,4,1,35
stu_408,6,1,41
stu_408,9,0,45
stu_408,7,0,51
stu_408,5,0,56
stu_408,5,1,62
stu_408,8,1,65
stu_408,9,0,67
stu_408,0,1,73
stu_408,2,0,78
stu_408,3,1,83
stu_408,7,1,86
stu_409,9,1,7
stu_409,7,1,13
stu_409,6,0,16
stu_409,0,0,20
stu_409,8,1,25
stu_409,3,1,27
stu_409,0,1,32
stu_409,5,1,38
stu_409,6,0,41
stu_409,1,1,44
stu_409,4,1,50
stu_409,6,0,53
stu_409,2,1,56
stu_409,6,0,58
stu_409,6,1,64
stu_411,5,1,32
stu_411,8,1,38
stu_411,6,1,44
stu_411,2,0,46
stu_411,7,1,49
stu_411,4,1,52
stu_411,9,1,54
stu_411,1,1,60
stu_411,2,1,66
stu_411,3,0,68
stu_411,0,1,73
stu_412,2,1,11
stu_412,1,1,17
stu_412,8,1,19
stu_412,0,1,23
stu_412,6,1,29
stu_412,4,1,33
stu_412,5,1,39
stu_412,3,1,43
stu_412,7,1,48
stu_412,9,0,50
stu_412,9,0,55
stu_412,9,0,59
stu_412,9,0,65
stu_412,9,0,67
stu_412,9,0,70
stu_412,9,0,74
stu_412,9,1,79
stu_413,3,1,19
stu_413,4,1,24
stu_413,7,1,27
stu_413,6,1,32
stu_413,9,1,38
stu_413,8,0,41
stu_413,0,1,47
stu_413,2,0,49
stu_413,8,0,55
stu_413,2,0,59
stu_413,5,1,64
stu_413,1,1,67
stu_413,2,0,71
stu_413,8,1,74
stu_413,2,1,76
stu_414,0,1,20
stu_414,8,1,24
stu_414,1,1,26
stu_414,6,1,29
stu_414,3,1,34
stu_414,9,1,39
stu_414,7,1,45
stu_414,5,1,47
stu_414,2,1,50
stu_414,4,0,55
stu_414,4,0,58
stu_414,4,1,61
stu_416,9,1,24
stu_416,0,1,27
stu_416,6,1,29
stu_416,3,1,33
stu_416,4,1,38
stu_416,7,1,43
stu_416,5,1,49
stu_416,8,0,55
stu_416,8,1,60
stu_416,2,1,66
stu_416,1,1,70
stu_417,8,1,31
stu_417,7,1,36
stu_417,6,1,42
stu_417,1,1,48
stu_417,2,1,54
stu_417,4,1,57
stu_417,5,1,59
stu_417,0,1,62
stu_417,3,1,65
stu_417,9,0,69
stu_417,9,0,73
stu_418,2,1,21
stu_418,6,1,26
stu_418,8,1,32
stu_418,0,1,38
stu_418,9,0,44
stu_418,7,1,50
stu_418,1,1,56
stu_418,9,0,59
stu_418,4,1,62
stu_418,3,1,66
stu_418,5,1,72
stu_418,9,0,77
stu_419,0,1,10
stu_419,9,1,12
stu_419,4,1,18
stu_419,6,1,24
stu_419,7,1,30
stu_419,5,1,36
stu_419,1,1,41
stu_419,2,0,43
stu_419,8,0,48
stu_419,2,0,54
stu_421,5,1,22
stu_421,3,1,26
stu_421,1,1,30
stu_421,8,1,35
stu_421,4,0,40
stu_421,9,0,44
stu_421,2,0,47
stu_421,6,0,53
stu_421,7,0,56
stu_421,4,1,60
stu_421,2,0,65
stu_421,0,0,69
stu_421,6,1,72
stu_421,9,0,76
stu_421,9,0,81
stu_421,0,1,85
stu_421,7,1,91
stu_421,9,1,93
stu_421,2,0,99
stu_421,2,1,104
stu_422,6,1,21
stu_422,9,1,27
stu_422,1,1,30
stu_422,3,1,35
stu_422,7,1,41
stu_422,4,1,47
stu_422,2,0,49
stu_422,5,1,54
stu_422,8,0,57
stu_422,2,1,61
stu_422,0,0,67
stu_422,8,1,71
stu_422,0,1,73
stu_423,9,1,21
stu_423,0,1,26
stu_423,7,1,31
stu_423,1,1,35
stu_423,6,1,41
stu_423,3,0,47
stu_423,2,1,49
stu_423,3,1,54
stu_423,4,1,58
stu_423,5,1,60
stu_423,8,1,65
stu_424,5,1,32
stu_424,0,1,38
stu_424,1,1,41
stu_424,7,1,47
stu_424,8,1,49
stu_424,2,1,55
stu_424,9,0,61
stu_424,9,0,67
stu_424,9,0,69
stu_424,9,1,74
stu_424,3,1,79
stu_424,4,0,83
stu_424,6,0,85
stu_424,6,1,87
stu_424,4,1,91
stu_426,1,1,23
stu_426,9,1,29
stu_426,6,1,32
stu_426,3,1,34
stu_426,5,1,36
stu_426,8,0,39
stu_426,0,1,42
stu_426,7,1,44
stu_426,8,1,48
stu_426,2,1,50
stu_426,4,1,52
stu_427,7,1,22
stu_427,3,1,26
stu_427,4,1,30
stu_427,2,1,32
stu_427,9,1,38
stu_427,5,1,44
stu_427,8,1,48
stu_427,1,1,53
stu_427,0,0,59
stu_427,6,1,64
stu_427,0,1,66
stu_428,9,1,24
stu_428,8,1,29
stu_428,0,1,33
stu_428,5,1,36
stu_428,4,0,40
stu_428,2,1,43
stu_428,7,1,46
stu_428,3,1,52
stu_428,1,1,58
stu_428,6,0,62
stu_428,6,1,66
stu_428,4,1,68
stu_429,7,1,30
stu_429,4,0,36
stu_429,0,1,40
stu_429,2,1,46
stu_429,3,1,48
stu_429,9,1,54
stu_429,6,0,59
stu_429,4,0,63
stu_429,4,1,67
stu_429,1,1,71
stu_431,7,1,4
stu_431,6,1,7
stu_431,9,1,12
stu_431,1,1,15
stu_431,8,1,21
stu_431,4,1,27
stu_431,0,0,30
stu_431,3,0,32
stu_431,2,0,37
stu_431,2,0,41
stu_431,5,1,47
stu_431,2,1,50
stu_431,0,1,54
stu_431,3,1,60
stu_432,8,0,26
stu_432,3,1,29
stu_432,8,1,31
stu_432,9,0,33
stu_432,2,0,37
stu_432,6,1,39
stu_432,0,1,42
stu_432,7,1,46
stu_432,1,1,48
stu_432,5,1,53
stu_432,9,0,56
stu_432,4,1,61
stu_432,2,0,64
stu_432,9,0,69
stu_432,9,0,73
stu_432,9,1,77
stu_432,2,1,80
stu_433,2,1,17
stu_433,3,0,20
stu_433,8,0,25
stu_433,7,0,28
stu_433,1,1,31
stu_433,0,1,37
stu_433,3,0,42
stu_433,7,0,45
stu_433,3,0,48
stu_433,4,0,52
stu_433,5,1,57
stu_433,3,1,63
stu_433,6,1,68
stu_433,7,1,73
stu_433,8,1,78
stu_433,4,1,82
stu_433,9,1,86
stu_434,9,1,15
stu_434,7,1,20
stu_434,4,1,22
stu_434,6,1,26
stu_434,5,1,31
stu_434,8,1,36
stu_434,1,1,38
stu_434,3,1,44
stu_434,0,0,46
stu_434,0,1,48
stu_434,2,0,50
stu_434,2,0,53
stu_434,2,0,55
stu_434,2,1,58
stu_436,3,1,4
stu_436,0,1,8
stu_436,6,1,12
stu_436,1,1,15
stu_436,2,1,17
stu_436,4,1,20
stu_436,9,1,22
stu_436,8,1,26
stu_436,5,1,28
stu_436,7,1,33
stu_437,2,1,7
stu_437,8,1,12
stu_437,0,1,17
stu_437,6,1,19
stu_437,4,1,21
stu_437,3,1,24
stu_437,7,1,27
stu_437,5,1,33
stu_437,1,1,38
stu_437,9,1,43
stu_438,3,1,16
stu_438,1,1,20
stu_438,7,1,25
stu_438,5,1,27
stu_438,0,1,33
stu_438,4,0,35
stu_438,6,1,40
stu_438,8,0,43
stu_438,4,0,45
stu_438,4,1,50
stu_438,8,0,54
stu_439,9,1,6
stu_439,4,1,9
stu_439,3,1,12
stu_439,6,1,17
stu_439,5,0,19
stu_439,1,1,21
stu_439,5,1,25
stu_439,7,0,28
stu_439,7,0,34
stu_439,7,0,39
stu_439,2,0,42
stu_439,2,0,46
stu_439,7,0,48
stu_439,8,0,53
stu_439,8,1,55
stu_439,2,1,58
stu_439,7,1,62
stu_439,0,1,68
stu_441,8,1,19
stu_441,4,1,22
stu_441,3,1,28
stu_441,0,1,31
stu_441,6,1,33
stu_441,7,1,35
stu_441,1,1,40
stu_441,5,1,42
stu_441,9,1,45
stu_441,2,1,51
stu_442,8,1,19
stu_442,1,1,22
stu_442,7,1,24
stu_442,6,1,26
stu_442,2,0,31
stu_442,4,1,35
stu_442,9,0,40
stu_442,5,1,43
stu_442,2,1,46
stu_442,0,1,50
stu_442,9,1,52
stu_442,3,1,58
stu_443,2,1,6
stu_443,6,1,9
stu_443,5,1,12
stu_443,0,1,14
stu_443,7,1,17
stu_443,9,1,19
stu_443,3,1,22
stu_443,4,1,25
stu_443,8,1,30
stu_443,1,1,34
stu_444,7,1,15
stu_444,5,1,17
stu_444,3,1,19
stu_444,6,1,25
stu_444,8,1,30
stu_444,9,0,34
stu_444,2,1,38
stu_444,9,1,40
stu_444,4,1,45
stu_444,1,1,48
stu_444,0,1,51
stu_446,8,0,21
stu_446,8,0,25
stu_446,4,1,31
stu_446,9,0,34
stu_446,3,1,38
stu_446,7,1,41
stu_446,8,1,44
stu_446,9,0,47
stu_446,6,1,53
stu_446,5,1,58
stu_446,1,1,61
stu_446,0,1,65
stu_446,9,1,71
stu_446,2,0,75
stu_447,6,1,33
stu_447,5,1,39
stu_447,9,0,42
stu_447,8,1,45
stu_447,4,0,47
stu_447,0,1,51
stu_447,4,1,56
stu_447,2,1,60
stu_447,7,1,66
stu_447,3,1,70
stu_447,9,1,75
stu_447,1,1,80
stu_448,0,1,7
stu_448,2,1,9
stu_448,4,1,11
stu_448,9,1,13
stu_448,8,1,15
stu_448,1,1,18
stu_448,6,1,21
stu_448,3,1,25
stu_448,5,0,31
stu_448,7,1,36
stu_448,5,1,40
stu_449,8,1,10
stu_449,7,1,15
stu_449,1,1,21
stu_449,5,1,23
stu_449,2,0,28
stu_449,6,0,33
stu_449,9,0,38
stu_449,4,0,43
stu_449,3,0,49
stu_449,2,0,51
stu_449,3,1,53
stu_449,2,0,56
stu_449,9,0,61
stu_449,9,0,63
stu_449,0,1,69
stu_449,9,0,74
stu_449,6,0,78
stu_449,2,0,81
stu_451,1,1,17
stu_451,3,1,22
stu_451,0,1,25
stu_451,8,0,28
stu_451,5,0,33
stu_451,7,0,39
stu_451,4,1,42
stu_451,8,0,47
stu_451,5,1,49
stu_451,2,0,55
stu_451,6,1,58
stu_451,8,1,62
stu_451,2,0,68
stu_451,2,0,73
stu_451,7,1,76
stu_451,2,0,78
stu_451,2,0,83
stu_451,2,1,86
stu_451,9,0,91
stu_451,9,1,95
stu_452,0,1,5
stu_452,4,1,10
stu_452,5,1,16
stu_452,9,0,22
stu_452,6,1,27
stu_452,3,1,33
stu_452,7,1,38
stu_452,9,0,40
stu_452,9,1,44
stu_452,8,1,48
stu_452,2,0,53
stu_452,1,1,55
stu_453,5,1,8
stu_453,6,1,12
stu_453,8,1,14
stu_453,1,1,20
stu_453,0,1,22
stu_453,4,1,25
stu_453,9,1,31
stu_453,7,1,35
stu_453,3,1,40
stu_453,2,1,42
stu_454,5,1,6
stu_454,6,0,9
stu_454,3,1,12
stu_454,0,1,17
stu_454,4,1,19
stu_454,7,1,21
stu_454,6,0,24
stu_454,1,1,30
stu_454,2,1,35
stu_454,8,1,40
stu_454,6,1,46
stu_454,9,1,52
stu_456,1,0,10
stu_456,4,1,13
stu_456,0,1,17
stu_456,9,1,19
stu_456,8,1,24
stu_456,5,1,26
stu_456,7,0,28
stu_456,6,1,31
stu_456,3,1,35
stu_456,7,1,38
stu_456,2,0,40
stu_456,2,1,44
stu_456,1,1,48
stu_457,0,1,11
stu_457,9,1,17
stu_457,6,1,21
stu_457,3,1,27
stu_457,7,1,29
stu_457,1,1,34
stu_457,5,1,38
stu_457,4,1,43
stu_457,2,0,47
stu_457,2,0,52
stu_457,2,1,54
stu_457,8,1,58
stu_458,8,1,6
stu_458,5,1,10
stu_458,6,1,12
stu_458,4,1,17
stu_458,9,1,21
stu_458,1,1,27
stu_458,2,0,30
stu_458,3,0,36
stu_458,3,1,41
stu_458,0,0,44
stu_458,0,0,49
stu_458,7,1,53
stu_458,0,1,56
stu_458,2,1,59
stu_459,5,1,33
stu_459,1,1,36
stu_459,6,0,41
stu_459,2,1,44
stu_459,8,0,48
stu_459,7,1,52
stu_459,0,1,56
stu_459,3,1,61
stu_459,8,1,67
stu_459,4,1,71
stu_459,9,1,76
stu_459,6,1,79
stu_461,0,1,19
stu_461,4,1,25
stu_461,3,1,28
stu_461,5,1,31
stu_461,9,1,36
stu_461,6,0,41
stu_461,6,1,47
stu_461,8,0,51
stu_461,1,1,53
stu_461,7,1,59
stu_461,2,1,65
stu_461,8,1,68
stu_462,3,1,17
stu_462,2,1,21
stu_462,9,1,23
stu_462,4,1,26
stu_462,8,0,29
stu_462,5,1,35
stu_462,0,1,40
stu_462,1,0,44
stu_462,6,0,49
stu_462,8,1,55
stu_462,6,1,61
stu_462,7,1,65
stu_462,1,1,67
stu_463,8,1,11
stu_463,6,1,15
stu_463,9,1,17
stu_463,3,1,22
stu_463,5,1,24
stu_463,1,1,29
stu_463,2,0,31
stu_463,7,1,36
stu_463,4,1,38
stu_463,2,1,43
stu_463,0,1,46
stu_464,6,1,7
stu_464,4,1,12
stu_464,0,1,17
stu_464,9,0,19
stu_464,2,1,22
stu_464,3,1,26
stu_464,7,1,28
stu_464,8,1,31
stu_464,9,0,33
stu_464,1,1,38
stu_464,5,1,42
stu_464,9,1,48
stu_466,0,1,8
stu_466,6,0,12
stu_466,2,1,16
stu_466,5,1,21
stu_466,7,1,26
stu_466,8,0,30
stu_466,8,1,34
stu_466,6,0,40
stu_466,9,0,45
stu_466,9,0,47
stu_466,9,0,52
stu_466,9,1,58
stu_466,1,1,62
stu_466,6,1,64
stu_466,4,1,66
stu_466,3,1,72
stu_467,4,0,27
stu_467,4,1,33
stu_467,5,1,37
stu_467,2,0,40
stu_467,0,1,44
stu_467,1,1,46
stu_467,9,0,48
stu_467,9,0,54
stu_467,9,0,56
stu_467,7,1,60
stu_467,9,1,65
stu_467,2,1,67
stu_467,6,0,72
stu_467,3,1,78
stu_467,6,1,80
stu_467,8,1,84
stu_468,9,1,7
stu_468,5,1,12
stu_468,4,1,16
stu_468,7,1,19
stu_468,6,1,22
stu_468,3,1,28
stu_468,1,1,33
stu_468,2,1,36
stu_468,8,1,41
stu_468,0,1,44
stu_469,5,1,21
stu_469,8,1,27
stu_469,2,0,30
stu_469,6,1,34
stu_469,7,1,36
stu_469,4,1,38
